,Seq_info,Frame:2|Ref:PRTSPRRGSCSCRR,Frame:0|Ref:ALELHLGAGLVVAVV,Frame:1|Ref:PSNFTSARVL*LPSS
0,>0 Ref_transl.frame:0,PRTS-RRGS-SCRR,AL-L-LGA----A--,PS--TS-RVL-LP--
1,>0 Ref_transl.frame:1,----PRRG----RR,ALELHLGAG-V-AV-,PS---SAR----P--
2,>0 Ref_transl.frame:2,PRT-----------,ALEL--GA----A--,-SNFTSARVL-LPSS
3,>1 CluSeq:0.1279_sd:0.03237_transl.frame:0,---SP--GS-S---,AL---LG--------,PS-F-----------
4,>1 CluSeq:0.1279_sd:0.03237_transl.frame:1,P--SP---S-----,AL-LH----------,PS---------LPS-
5,>1 CluSeq:0.1279_sd:0.03237_transl.frame:2,P--SP--GS-----,-L-L----GL-----,--------V--LPSS
6,>2 CluSeq:0.11235_sd:0.04606_transl.frame:0,--T----G------,ALE------------,--------V----SS
7,>2 CluSeq:0.11235_sd:0.04606_transl.frame:1,PR--P----C----,ALE------------,PS-----R----P--
8,>2 CluSeq:0.11235_sd:0.04606_transl.frame:2,P-TS---G------,-L-L-LGAG---A--,P---TSA-V------
9,>3 CluSeq:0.10101_sd:0.22565_transl.frame:0,PR--P---------,AL--------V----,PS---S-RV---P--
10,>3 CluSeq:0.10101_sd:0.22565_transl.frame:1,P--S-RR-SC-CR-,A-E------------,PS--T-AR--*--S-
11,>3 CluSeq:0.10101_sd:0.22565_transl.frame:2,P--SP---------,---LHLG-GLVVA--,PS----------P--
12,>4 CluSeq:0.07645_sd:0.03613_transl.frame:0,---S----S-S---,---------LVVAVV,--------V----SS
13,>4 CluSeq:0.07645_sd:0.03613_transl.frame:1,P--S----S-----,AL-L-----------,P-----A--L*LPSS
14,>4 CluSeq:0.07645_sd:0.03613_transl.frame:2,P--------CSCRR,-L-------------,--------V--LPS-
15,>5 CluSeq:0.07596_sd:0.02831_transl.frame:0,P-------------,------GAGLVV---,--------V----SS
16,>5 CluSeq:0.07596_sd:0.02831_transl.frame:1,PR-S----S-----,ALEL-------VA--,P-----ARVL*L---
17,>5 CluSeq:0.07596_sd:0.02831_transl.frame:2,P-TSP----CSC--,-L--H-------AV-,P---TS------PS-
18,>6 CluSeq:0.0632_sd:0.04129_transl.frame:0,P--S----------,-LEL-L---------,P-------VL-L---
19,>6 CluSeq:0.0632_sd:0.04129_transl.frame:1,P--SP----C----,AL-L----GL-----,PS-------L---SS
20,>6 CluSeq:0.0632_sd:0.04129_transl.frame:2,P--S---GSC----,AL-L---A--VV-V-,P----SA-V---P--
21,>7 CluSeq:0.03628_sd:0.07379_transl.frame:0,P-TS-R--------,----------VVAV-,PSNFTSARV------
22,>7 CluSeq:0.03628_sd:0.07379_transl.frame:1,PRTSPRRG------,A-----G-G------,PS--TS-R-------
23,>7 CluSeq:0.03628_sd:0.07379_transl.frame:2,P------G------,ALELHLGAG------,P-----A--L-L---
24,>8 CluSeq:0.03252_sd:0.04086_transl.frame:0,---S---G------,--------GLVVAVV,--------V----SS
25,>8 CluSeq:0.03252_sd:0.04086_transl.frame:1,P--S----S-----,AL-L-----------,P-----A-VL*LPSS
26,>8 CluSeq:0.03252_sd:0.04086_transl.frame:2,-R------SCSCRR,-L-------------,-S---S-R-------
27,>9 CluSeq:0.02922_sd:0.03631_transl.frame:0,PR-SP---------,-LE------------,PS-------L--P--
28,>9 CluSeq:0.02922_sd:0.03631_transl.frame:1,P-TS----------,AL-L-----------,PS-FTS---L-----
29,>9 CluSeq:0.02922_sd:0.03631_transl.frame:2,PR--P--G------,A--LHLGA-------,P--F-----L-LP--
30,>10 CluSeq:0.02409_sd:0.05355_transl.frame:0,-RTS-R--S-----,----------VV-V-,-S---S--VL*L---
31,>10 CluSeq:0.02409_sd:0.05355_transl.frame:1,P--S-RRGSCS-R-,A-----GAG---A--,PS---SAR-----S-
32,>10 CluSeq:0.02409_sd:0.05355_transl.frame:2,P-------------,---LHLGA-LV----,P-----A-V------
33,>11 CluSeq:0.01996_sd:0.01605_transl.frame:0,PR-S----------,-LEL-L----V----,--------V----SS
34,>11 CluSeq:0.01996_sd:0.01605_transl.frame:1,P--S---GS-SC--,AL---LG-G------,PS---S--V----SS
35,>11 CluSeq:0.01996_sd:0.01605_transl.frame:2,P--S----------,AL-----A--VV---,PS-------------
36,>12 CluSeq:0.01871_sd:0.03628_transl.frame:0,P-T-----------,-L----GAG------,--------V----SS
37,>12 CluSeq:0.01871_sd:0.03628_transl.frame:1,P-T-P---------,ALEL-----------,P--FT------LP--
38,>12 CluSeq:0.01871_sd:0.03628_transl.frame:2,PR-S---G------,AL----G--------,PSN------------
39,>13 CluSeq:0.01755_sd:0.0043_transl.frame:0,P-T-----------,-L-L------VVAVV,--------V----SS
40,>13 CluSeq:0.01755_sd:0.0043_transl.frame:1,P---P----CS-R-,AL-------------,PS--T--R--*LPSS
41,>13 CluSeq:0.01755_sd:0.0043_transl.frame:2,P------G-CSCRR,AL--H-G--------,PS-----R-------
42,>14 CluSeq:0.01256_sd:0.02461_transl.frame:0,---SPRR-------,ALEL-----------,--------V----SS
43,>14 CluSeq:0.01256_sd:0.02461_transl.frame:1,P--SPRRGS-S---,ALE---G--------,PS----A----LPSS
44,>14 CluSeq:0.01256_sd:0.02461_transl.frame:2,P--S-RR-------,-L---LGA-------,--------VL-LPS-
45,>15 CluSeq:0.01228_sd:0.02718_transl.frame:0,-R-S----------,-L-L-----LV-A--,-S---S--VL-L-S-
46,>15 CluSeq:0.01228_sd:0.02718_transl.frame:1,PR------------,A-----G-G-V----,PS---S-RV------
47,>15 CluSeq:0.01228_sd:0.02718_transl.frame:2,PR--P------CR-,---LHLGA----A--,P---T-AR--*--S-
48,>16 CluSeq:0.00877_sd:0.01951_transl.frame:0,-R---RRG-CS---,A-------GL-----,-S---S--VL-L-SS
49,>16 CluSeq:0.00877_sd:0.01951_transl.frame:1,P--S-RRGS-----,AL-------LVVA--,PS-F--A--------
50,>16 CluSeq:0.00877_sd:0.01951_transl.frame:2,PR-S---GS-----,---LHLGAGL-----,PS-F-S---L-L---
51,>17 CluSeq:0.00816_sd:0.01825_transl.frame:0,---S----S-S---,---------LVVAVV,--------V----SS
52,>17 CluSeq:0.00816_sd:0.01825_transl.frame:1,P-TS----S-----,AL-L-----------,P---T----L*LPSS
53,>17 CluSeq:0.00816_sd:0.01825_transl.frame:2,-----RR-SCSCRR,-L-------------,-S---S-R-------
54,>18 CluSeq:0.00795_sd:0.01351_transl.frame:0,-RTSP---------,----------VV-V-,-SN-T---V------
55,>18 CluSeq:0.00795_sd:0.01351_transl.frame:1,PRT-PR--------,AL-----A----A--,PS--T-AR-L--P--
56,>18 CluSeq:0.00795_sd:0.01351_transl.frame:2,P------G-C----,-LE----A-LV----,P--------------
57,>19 CluSeq:0.00795_sd:0.01616_transl.frame:0,P-TS-R--------,----------VVA--,PSNFTSAR-------
58,>19 CluSeq:0.00795_sd:0.01616_transl.frame:1,PRTSPRRG------,A-----G-G------,PS--TS-R-------
59,>19 CluSeq:0.00795_sd:0.01616_transl.frame:2,P------G------,ALELHLGAG------,P-----A--L-L---
60,>20 CluSeq:0.00783_sd:0.00786_transl.frame:0,---S---GSC--R-,-------AGLV----,--------V----SS
61,>20 CluSeq:0.00783_sd:0.00786_transl.frame:1,P---P-RGS---R-,A-----G-G-VVA--,P-----ARVL-----
62,>20 CluSeq:0.00783_sd:0.00786_transl.frame:2,------RGSCS---,ALEL--GA----A--,PS-------------
63,>21 CluSeq:0.00705_sd:0.0157_transl.frame:0,PR-SPR--------,----------VV---,P------R---LPSS
64,>21 CluSeq:0.00705_sd:0.0157_transl.frame:1,P---P--G-C-CRR,A-----GA-------,PS---SAR-------
65,>21 CluSeq:0.00705_sd:0.0157_transl.frame:2,P-------------,----H----LVVAVV,P-----A-VL-L---
66,>22 CluSeq:0.00545_sd:0.012_transl.frame:0,P--S----S-----,-L------GL-----,-S---S--VL*LPSS
67,>22 CluSeq:0.00545_sd:0.012_transl.frame:1,P--S-----CSCRR,A------A-------,PS---S-R-------
68,>22 CluSeq:0.00545_sd:0.012_transl.frame:2,PR-----G------,-L------GLVVAVV,--------V--LP--
69,>23 CluSeq:0.00524_sd:0.01077_transl.frame:0,--TS----S-----,AL----G-G------,-S---SA--L*--SS
70,>23 CluSeq:0.00524_sd:0.01077_transl.frame:1,PRT-P---------,A-E----A-------,P---T-A--------
71,>23 CluSeq:0.00524_sd:0.01077_transl.frame:2,P--S-RR-----R-,-L-LH----------,PS-----R-L--P--
72,>24 CluSeq:0.00499_sd:0.01116_transl.frame:0,PR-S----S-----,----------VV-V-,P---T--RVL*LPSS
73,>24 CluSeq:0.00499_sd:0.01116_transl.frame:1,P--SP---SCSCRR,A-E------------,PS---S-R-------
74,>24 CluSeq:0.00499_sd:0.01116_transl.frame:2,P--S----------,A---H----LVVAVV,--------V--LPS-
75,>25 CluSeq:0.0046_sd:0.0063_transl.frame:0,---S----SCS---,--EL-L---LV----,--------V----SS
76,>25 CluSeq:0.0046_sd:0.0063_transl.frame:1,P-T----G-C-C--,AL-L-----------,PSN------------
77,>25 CluSeq:0.0046_sd:0.0063_transl.frame:2,-------G-CS---,-L-LH--A---VA--,--NF-S---------
78,>26 CluSeq:0.00454_sd:0.01015_transl.frame:0,P--S----S-----,----------VV-V-,-S---S--V-*LPSS
79,>26 CluSeq:0.00454_sd:0.01015_transl.frame:1,PR--------SCRR,A--------------,PS---S-R-------
80,>26 CluSeq:0.00454_sd:0.01015_transl.frame:2,-R------------,-L-------LVVAVV,------A-V------
81,>27 CluSeq:0.00449_sd:0.00794_transl.frame:0,PR------SCS---,----------VVA--,PS--TS------PS-
82,>27 CluSeq:0.00449_sd:0.00794_transl.frame:1,P--SP---------,AL--HLG--------,PS-F--------P--
83,>27 CluSeq:0.00449_sd:0.00794_transl.frame:2,P-------SC--RR,AL-LHL-A--V----,--------V--LPS-
84,>28 CluSeq:0.00436_sd:0.00975_transl.frame:0,-R---RRG-CS---,A-------GL-----,-S---S--VL-L-SS
85,>28 CluSeq:0.00436_sd:0.00975_transl.frame:1,P--S-RRGS-----,AL-------LVVA--,PS-F--A--------
86,>28 CluSeq:0.00436_sd:0.00975_transl.frame:2,PR-S---GS-----,---LHLGAGL-----,PS-F-S---L-L---
87,>29 CluSeq:0.00415_sd:0.00927_transl.frame:0,PRTS-R--------,----------VVAV-,P------RV---PSS
88,>29 CluSeq:0.00415_sd:0.00927_transl.frame:1,PRT-P--G-C----,A-E----AG------,P-----AR--*-P--
89,>29 CluSeq:0.00415_sd:0.00927_transl.frame:2,P------G------,A-ELH-----V----,P-------V------
90,>30 CluSeq:0.00413_sd:0.00924_transl.frame:0,PR--P---------,AL----GA-------,-S---S--VL-LP--
91,>30 CluSeq:0.00413_sd:0.00924_transl.frame:1,P--S-RRGSCS---,A-----G-GL-----,PS---S---L-L-S-
92,>30 CluSeq:0.00413_sd:0.00924_transl.frame:2,PR-S----S-----,---LHLGAG-V----,P--F--ARV----S-
93,>31 CluSeq:0.00405_sd:0.00893_transl.frame:0,-R------SCSCRR,----------VV---,--------V----SS
94,>31 CluSeq:0.00405_sd:0.00893_transl.frame:1,P--SP--G------,AL--H-GA-LV----,P----SA----LP--
95,>31 CluSeq:0.00405_sd:0.00893_transl.frame:2,PR------------,AL-L-----------,P--FT--R-------
96,>32 CluSeq:0.00402_sd:0.00536_transl.frame:0,-RT--R---C-C--,----------VV-V-,--------V----SS
97,>32 CluSeq:0.00402_sd:0.00536_transl.frame:1,PR-SP--G-C----,A-E---G---VV---,PS--T---V------
98,>32 CluSeq:0.00402_sd:0.00536_transl.frame:2,-------G-C----,-L-LHL---------,--------VL-L---
99,>33 CluSeq:0.004_sd:0.00894_transl.frame:0,PR------SCSCRR,----------VV---,--------V----SS
100,>33 CluSeq:0.004_sd:0.00894_transl.frame:1,P-T-----------,A-E------LVVAVV,PS--T-A-V------
101,>33 CluSeq:0.004_sd:0.00894_transl.frame:2,P--S----S-----,AL-L-L---------,----T--R-L*LPSS
102,>34 CluSeq:0.00387_sd:0.00836_transl.frame:0,-RT----G-C----,A--LHL---L-----,--------V----SS
103,>34 CluSeq:0.00387_sd:0.00836_transl.frame:1,PRTS-----CS---,A----LGA-------,P-----A---*LPSS
104,>34 CluSeq:0.00387_sd:0.00836_transl.frame:2,PR-SP---------,AL-------------,-S-------L-LPS-
105,>35 CluSeq:0.00387_sd:0.0069_transl.frame:0,---SPR--S-----,-LE------------,PS-------L--P--
106,>35 CluSeq:0.00387_sd:0.0069_transl.frame:1,P-TS----------,AL-L-----------,PS-FTS---L-----
107,>35 CluSeq:0.00387_sd:0.0069_transl.frame:2,PR--P--G------,A--LHLGA-------,--------V--LP--
108,>36 CluSeq:0.00366_sd:0.00819_transl.frame:0,PR------------,--E-------VVAVV,P---T--RV------
109,>36 CluSeq:0.00366_sd:0.00819_transl.frame:1,P--SPR--S-S---,A-EL-L---------,PS-----R-L*LPSS
110,>36 CluSeq:0.00366_sd:0.00819_transl.frame:2,-R------SCSCRR,A-E------------,-S---S-R-------
111,>37 CluSeq:0.00358_sd:0.00582_transl.frame:0,---S--RG------,--------GLVVAVV,--------V----SS
112,>37 CluSeq:0.00358_sd:0.00582_transl.frame:1,P--S----S-----,AL------GL-----,P-----A-VL*LPSS
113,>37 CluSeq:0.00358_sd:0.00582_transl.frame:2,---S-----CSCRR,A--------------,-S---S-R-------
114,>38 CluSeq:0.00353_sd:0.00513_transl.frame:0,---SP---S-S---,-LEL-L---L-----,P--F----VL*LPSS
115,>38 CluSeq:0.00353_sd:0.00513_transl.frame:1,P--S---GSCSCRR,AL-L----GL-----,PS---S---L*--SS
116,>38 CluSeq:0.00353_sd:0.00513_transl.frame:2,P--S----------,A------A-LVVAVV,--------V--LPS-
117,>39 CluSeq:0.00345_sd:0.00771_transl.frame:0,PRT-----------,------GA----A--,--------V----SS
118,>39 CluSeq:0.00345_sd:0.00771_transl.frame:1,P--SP-RG------,AL-L-----------,PS---SA----LP--
119,>39 CluSeq:0.00345_sd:0.00771_transl.frame:2,PR-SP---------,-LE-HL---------,P-------VL-LP--
120,>40 CluSeq:0.00341_sd:0.00762_transl.frame:0,P--S----S-----,----------VV---,-S---S---L*LPSS
121,>40 CluSeq:0.00341_sd:0.00762_transl.frame:1,P---P---SCSCRR,A--------------,PS---S-R-------
122,>40 CluSeq:0.00341_sd:0.00762_transl.frame:2,-------G------,---LH----LVVAVV,------A-V------
123,>41 CluSeq:0.0034_sd:0.00276_transl.frame:0,-RTS----S-S---,----------VV-V-,-S--TS---------
124,>41 CluSeq:0.0034_sd:0.00276_transl.frame:1,P---PRR-S-S---,AL-LH----------,PS---S---L--P--
125,>41 CluSeq:0.0034_sd:0.00276_transl.frame:2,--T-----------,AL-------------,--------VL*L---
126,>42 CluSeq:0.00316_sd:0.00661_transl.frame:0,---S----SCS-RR,----------VVA--,-S---S-R---LPSS
127,>42 CluSeq:0.00316_sd:0.00661_transl.frame:1,P-TSPR-G------,AL----G--------,PS-------------
128,>42 CluSeq:0.00316_sd:0.00661_transl.frame:2,P--S----------,-LELHL---------,PS-------L*----
129,>43 CluSeq:0.00313_sd:0.00691_transl.frame:0,P-TS----S-----,----------VV---,P---T----L*LPSS
130,>43 CluSeq:0.00313_sd:0.00691_transl.frame:1,P--SP----CSCRR,A--------------,PS--TS-R-------
131,>43 CluSeq:0.00313_sd:0.00691_transl.frame:2,-R---R--------,A---H----LVVAVV,------ARV------
132,>44 CluSeq:0.00311_sd:0.00478_transl.frame:0,---SPR--------,----------VV-V-,-S-F----VL-LP--
133,>44 CluSeq:0.00311_sd:0.00478_transl.frame:1,P---P---SCS---,A-----GAG------,PS-----------SS
134,>44 CluSeq:0.00311_sd:0.00478_transl.frame:2,PR------------,AL-------LVV---,------A----LPS-
135,>45 CluSeq:0.00294_sd:0.00308_transl.frame:0,---S----SC-C--,----------VVA--,P---T------LP--
136,>45 CluSeq:0.00294_sd:0.00308_transl.frame:1,P---P----CS---,ALE-H----------,PS---S------P--
137,>45 CluSeq:0.00294_sd:0.00308_transl.frame:2,P--SP---------,-L-LHL----V----,PS-----------SS
138,>46 CluSeq:0.00282_sd:0.00301_transl.frame:0,---S---GSC--R-,-------AGLV----,--------V----SS
139,>46 CluSeq:0.00282_sd:0.00301_transl.frame:1,P---P-RGS---R-,A-----G-G-VVA--,P-----ARVL-----
140,>46 CluSeq:0.00282_sd:0.00301_transl.frame:2,------RGSCS---,ALEL--GA----A--,PS-------------
141,>47 CluSeq:0.00272_sd:0.00609_transl.frame:0,P--S----S-----,----------VV-V-,-S---S--VL*LPSS
142,>47 CluSeq:0.00272_sd:0.00609_transl.frame:1,PR------SCSCRR,A--------------,P-----AR-----SS
143,>47 CluSeq:0.00272_sd:0.00609_transl.frame:2,-------G------,-L------GLVVAVV,------A-V------
144,>48 CluSeq:0.00262_sd:0.00442_transl.frame:0,PR-S---G------,ALE---G--------,--------V----SS
145,>48 CluSeq:0.00262_sd:0.00442_transl.frame:1,PR-S-R--------,AL----G---V----,P---T------LPS-
146,>48 CluSeq:0.00262_sd:0.00442_transl.frame:2,PR-----G------,A-E---G--------,PS-----R-------
147,>49 CluSeq:0.00262_sd:0.00197_transl.frame:0,---S----SCS---,ALEL-----------,PS-------L-----
148,>49 CluSeq:0.00262_sd:0.00197_transl.frame:1,P---P----CS---,AL-L-LG---V----,PS---S---L*-PS-
149,>49 CluSeq:0.00262_sd:0.00197_transl.frame:2,P--------CSC--,-L-LHLG---V----,P------------SS
150,>50 CluSeq:0.00244_sd:0.00273_transl.frame:0,-RT-----SCS---,AL-----A-------,--------V----SS
151,>50 CluSeq:0.00244_sd:0.00273_transl.frame:1,P-TS----------,ALEL-L---LVV---,PS--TS--V------
152,>50 CluSeq:0.00244_sd:0.00273_transl.frame:2,-RT------C----,-L-------LV-A--,-S-F-----L*L---
153,>51 CluSeq:0.00241_sd:0.00531_transl.frame:0,---S----SCS---,-L-------LVVAVV,--------V----SS
154,>51 CluSeq:0.00241_sd:0.00531_transl.frame:1,PR-S----S-----,AL-L-L---------,PS----A--L*LPSS
155,>51 CluSeq:0.00241_sd:0.00531_transl.frame:2,P-------SCSCRR,-L-------LV----,P-------VL---SS
156,>52 CluSeq:0.00225_sd:0.00266_transl.frame:0,PR------------,--------GLVVAVV,--------V----SS
157,>52 CluSeq:0.00225_sd:0.00266_transl.frame:1,P-T-----------,ALE------------,P-----A-VL*LPSS
158,>52 CluSeq:0.00225_sd:0.00266_transl.frame:2,-R------SCSCRR,-L-L-----------,PS-----R-------
159,>53 CluSeq:0.00219_sd:0.0049_transl.frame:0,PRTS-R--------,----------VVAV-,P------RV---PSS
160,>53 CluSeq:0.00219_sd:0.0049_transl.frame:1,PRT-P--G-C----,A-E----AG------,P-----AR--*-P--
161,>53 CluSeq:0.00219_sd:0.0049_transl.frame:2,P------G------,A-ELH-----V----,P-------V------
162,>54 CluSeq:0.00207_sd:0.00378_transl.frame:0,-R-S-R--------,----------VVA--,--------V----SS
163,>54 CluSeq:0.00207_sd:0.00378_transl.frame:1,P---P-RGS---R-,A-E------------,PSN------------
164,>54 CluSeq:0.00207_sd:0.00378_transl.frame:2,P-T-P---------,---LHL-A-------,--------VL-LPSS
165,>55 CluSeq:0.00207_sd:0.00166_transl.frame:0,PR-S---GS-S---,-L------GL-----,P------R---LPSS
166,>55 CluSeq:0.00207_sd:0.00166_transl.frame:1,PR-S----------,AL-L-----------,P---TSA--L-----
167,>55 CluSeq:0.00207_sd:0.00166_transl.frame:2,P-T-P---------,ALEL-L---------,----T------LP--
168,>56 CluSeq:0.00205_sd:0.00158_transl.frame:0,P--SP---------,----------VV-VV,--------V----SS
169,>56 CluSeq:0.00205_sd:0.00158_transl.frame:1,PRTSP---------,A-----GA----A--,P-----AR--*-PS-
170,>56 CluSeq:0.00205_sd:0.00158_transl.frame:2,P------G------,AL--H-G--------,P-----A--L-----
171,>57 CluSeq:0.00204_sd:0.00455_transl.frame:0,---SP---S-S---,----------VV-V-,P-------VL*LPSS
172,>57 CluSeq:0.00204_sd:0.00455_transl.frame:1,PR------SCSCRR,------G---V----,PS---S-R-------
173,>57 CluSeq:0.00204_sd:0.00455_transl.frame:2,---S---G------,----H---GLVVAVV,-S----A-V------
174,>58 CluSeq:0.00198_sd:0.00367_transl.frame:0,-R-S-R--------,----------VVA--,-S--TSAR-------
175,>58 CluSeq:0.00198_sd:0.00367_transl.frame:1,PR---R--------,ALE------------,PS--T-AR-------
176,>58 CluSeq:0.00198_sd:0.00367_transl.frame:2,-----RRGS-----,---LHLG--------,-S-------------
177,>59 CluSeq:0.00189_sd:0.00423_transl.frame:0,-RTS----------,---------LVVA--,--------V----SS
178,>59 CluSeq:0.00189_sd:0.00423_transl.frame:1,PR------------,AL--------V----,PS--TS-RV------
179,>59 CluSeq:0.00189_sd:0.00423_transl.frame:2,PR--P------CR-,---LHLGA----A--,P---T-AR--*----
180,>60 CluSeq:0.00186_sd:0.00416_transl.frame:0,-RTS-R-GS---R-,-----LGA--V----,--------V----SS
181,>60 CluSeq:0.00186_sd:0.00416_transl.frame:1,PRT----G------,------GAGL-----,PS--T----------
182,>60 CluSeq:0.00186_sd:0.00416_transl.frame:2,-------G------,AL-L-LG--------,---F--A--L-----
183,>61 CluSeq:0.00174_sd:0.00388_transl.frame:0,P--S----S-----,--------GL-----,-S---S--VL*LPSS
184,>61 CluSeq:0.00174_sd:0.00388_transl.frame:1,P--S-----CSCRR,A------A-------,PS---S-R-------
185,>61 CluSeq:0.00174_sd:0.00388_transl.frame:2,-----RRG------,-L------GLVVAVV,------A-V------
186,>62 CluSeq:0.00169_sd:0.00046_transl.frame:0,P-TS----------,-L-L------VVAVV,--------V----SS
187,>62 CluSeq:0.00169_sd:0.00046_transl.frame:1,P---P----CS-R-,AL-L-----------,PS--T--R--*LPSS
188,>62 CluSeq:0.00169_sd:0.00046_transl.frame:2,P------G-CSCRR,AL-L-----------,PS-----R-L-----
189,>63 CluSeq:0.00167_sd:0.00373_transl.frame:0,-RTS-R-GS---R-,-----LGA--V----,--------V----SS
190,>63 CluSeq:0.00167_sd:0.00373_transl.frame:1,PRT----G-C----,------GAGL-----,PS--T----------
191,>63 CluSeq:0.00167_sd:0.00373_transl.frame:2,-------G------,AL-L-LGA-------,---F--A--L-----
192,>64 CluSeq:0.00163_sd:0.0021_transl.frame:0,---S----SCSC--,----------VVA--,--------V----SS
193,>64 CluSeq:0.00163_sd:0.0021_transl.frame:1,PRTS---GS-S---,A------AG-V----,PS--T-------PSS
194,>64 CluSeq:0.00163_sd:0.0021_transl.frame:2,P--S---G------,AL---LG-G------,P-----A-VL-L---
195,>65 CluSeq:0.0016_sd:0.00304_transl.frame:0,P--S---GSCSCRR,A----LG--------,PS---S-R-------
196,>65 CluSeq:0.0016_sd:0.00304_transl.frame:1,P--S---G------,A---H-G-GLVVAVV,PS----A-V------
197,>65 CluSeq:0.0016_sd:0.00304_transl.frame:2,P--S----S-----,A--------LVV---,-SN-T--RVL*LPSS
198,>66 CluSeq:0.00159_sd:0.00332_transl.frame:0,PRTSP---------,----------VVA--,PS-FT----------
199,>66 CluSeq:0.00159_sd:0.00332_transl.frame:1,P--SPRR-------,AL-L-----LV----,PS----AR-L-L-SS
200,>66 CluSeq:0.00159_sd:0.00332_transl.frame:2,P--SP---S-----,---LH-GA-L-----,PSN------------
201,>67 CluSeq:0.00159_sd:0.00355_transl.frame:0,--T---RGSCSCR-,----------VV-V-,--------V----SS
202,>67 CluSeq:0.00159_sd:0.00355_transl.frame:1,PR-S-R-G------,A----LGAG---A--,PS---SAR-------
203,>67 CluSeq:0.00159_sd:0.00355_transl.frame:2,P---P---------,---LHLG---VVA--,P-----A-----P--
204,>68 CluSeq:0.00155_sd:0.00212_transl.frame:0,--T---RGSCSC--,-L----GA----A--,--------V----SS
205,>68 CluSeq:0.00155_sd:0.00212_transl.frame:1,PR-S-R---CS---,A----LGA----A--,PS---SAR----P--
206,>68 CluSeq:0.00155_sd:0.00212_transl.frame:2,PR-S-R--------,---LHLG---VV---,PS-----R-------
207,>69 CluSeq:0.00151_sd:0.00164_transl.frame:0,---S----SCSCRR,----------VVA--,--------V----SS
208,>69 CluSeq:0.00151_sd:0.00164_transl.frame:1,P--S--RG------,A-------GLVVAVV,PS----A-V------
209,>69 CluSeq:0.00151_sd:0.00164_transl.frame:2,P--S----S-----,-L-L----GL-----,-------RVL*LPSS
210,>70 CluSeq:0.00143_sd:0.00237_transl.frame:0,-R-S---G------,AL-L-----LV----,-S---S-RVL*L---
211,>70 CluSeq:0.00143_sd:0.00237_transl.frame:1,P--S-----C----,A-E-H--A-------,PS-------------
212,>70 CluSeq:0.00143_sd:0.00237_transl.frame:2,-RTSP--G------,A-EL--GA-------,-----SAR-L--P--
213,>71 CluSeq:0.0012_sd:0.00253_transl.frame:0,-R-S----S-----,A-E-HL---------,--------V----SS
214,>71 CluSeq:0.0012_sd:0.00253_transl.frame:1,P-TSP---------,A----------VAV-,PS--TS------P--
215,>71 CluSeq:0.0012_sd:0.00253_transl.frame:2,P-TSP---------,AL-------------,P---TSA-VL-----
216,>72 CluSeq:0.00119_sd:0.00266_transl.frame:0,--T---RGSCSC--,-LE------------,--------V----SS
217,>72 CluSeq:0.00119_sd:0.00266_transl.frame:1,PR-S-RR-------,A----LGA----A--,PS---SAR-----S-
218,>72 CluSeq:0.00119_sd:0.00266_transl.frame:2,P---P--G------,---LHLGA----A--,P-----A--------
219,>73 CluSeq:0.00117_sd:0.00161_transl.frame:0,--T---RGSCSC--,-L----GA----A--,--------V----SS
220,>73 CluSeq:0.00117_sd:0.00161_transl.frame:1,PR-S-R---CS---,A----LGA----A--,PS---SAR----P--
221,>73 CluSeq:0.00117_sd:0.00161_transl.frame:2,PR-S-R--------,---LHLG---VV---,PS-----R-------
222,>74 CluSeq:0.00115_sd:0.00258_transl.frame:0,PRTS-R---C----,----------VVAV-,P------RV---PSS
223,>74 CluSeq:0.00115_sd:0.00258_transl.frame:1,PRT-P--G-C----,A-E----AG------,P-----AR--*-P--
224,>74 CluSeq:0.00115_sd:0.00258_transl.frame:2,P------G------,A-ELH-----V----,P-------V------
225,>75 CluSeq:0.00114_sd:0.00086_transl.frame:0,--TSP---------,A----------VAVV,--------V----SS
226,>75 CluSeq:0.00114_sd:0.00086_transl.frame:1,P--SP---S-S---,AL-------------,PS---------LPSS
227,>75 CluSeq:0.00114_sd:0.00086_transl.frame:2,P-T----G--SCRR,---LH-G--------,PS-----R-------
228,>76 CluSeq:0.00112_sd:0.00241_transl.frame:0,PRTS----S-----,----HLGA--V----,P---T-ARV----SS
229,>76 CluSeq:0.00112_sd:0.00241_transl.frame:1,PR-----GS-----,ALE---GA-------,PS--TSA--------
230,>76 CluSeq:0.00112_sd:0.00241_transl.frame:2,PR------------,-L----GAG------,PS---S-R-------
231,>77 CluSeq:0.00105_sd:0.00236_transl.frame:0,PR----RG----R-,-L--H---GL--A--,PS--T-AR-L-----
232,>77 CluSeq:0.00105_sd:0.00236_transl.frame:1,PR--P---------,A-----GA--V-AV-,PS----ARV---P--
233,>77 CluSeq:0.00105_sd:0.00236_transl.frame:2,P-T----GS---RR,A-E-H-GA-------,P---TSAR----P--
234,>78 CluSeq:0.00105_sd:0.00213_transl.frame:0,P--S----S-----,----------VVA--,-S-F-----L*LPSS
235,>78 CluSeq:0.00105_sd:0.00213_transl.frame:1,P---P--GSCSCRR,A-----G--------,PS---S-R-------
236,>78 CluSeq:0.00105_sd:0.00213_transl.frame:2,-------G------,-L-L-----LVVAVV,------A-V------
237,>79 CluSeq:0.00101_sd:0.00212_transl.frame:0,P-TS----------,----------VVA--,P--FT----L*LPS-
238,>79 CluSeq:0.00101_sd:0.00212_transl.frame:1,P-TSP----CSCRR,AL-L-L---------,PS-------L-LPS-
239,>79 CluSeq:0.00101_sd:0.00212_transl.frame:2,P--S----------,A-EL-----LVVAVV,PS-F--A-V------
240,>80 CluSeq:0.00099_sd:0.00221_transl.frame:0,P--S----S-----,--------GL-----,-S---S--VL*LPSS
241,>80 CluSeq:0.00099_sd:0.00221_transl.frame:1,P--S--RG-CSCRR,A-----GA-------,PS---S-R-------
242,>80 CluSeq:0.00099_sd:0.00221_transl.frame:2,-R-----G------,-L-L----GLVVAVV,------A-V------
243,>81 CluSeq:0.00099_sd:0.0021_transl.frame:0,--TSPRRGS-S---,----------VV---,-S--TS-R-L---SS
244,>81 CluSeq:0.00099_sd:0.0021_transl.frame:1,PR--PRR-----R-,A---H--A-------,P-----AR----P--
245,>81 CluSeq:0.00099_sd:0.0021_transl.frame:2,-R------------,---LHL-A-LVV-V-,------ARVL-L---
246,>82 CluSeq:0.00095_sd:0.00201_transl.frame:0,P---P---------,----------VVAV-,--------V----SS
247,>82 CluSeq:0.00095_sd:0.00201_transl.frame:1,P--S----S-----,A---HL---L-----,PS-F-S---L-L---
248,>82 CluSeq:0.00095_sd:0.00201_transl.frame:2,PR------------,---LHL----V----,PS--T--R-------
249,>83 CluSeq:0.00092_sd:0.00207_transl.frame:0,PR-S----S-----,----------VVA--,--------V----SS
250,>83 CluSeq:0.00092_sd:0.00207_transl.frame:1,P---P--G------,A-EL-----------,P--F-----L-----
251,>83 CluSeq:0.00092_sd:0.00207_transl.frame:2,PR-----GSCS-R-,-L-L--G-G------,--------V--LPSS
252,>84 CluSeq:0.00087_sd:0.00186_transl.frame:0,P--SP----C----,----------VVA--,PS-F-S---L*-P--
253,>84 CluSeq:0.00087_sd:0.00186_transl.frame:1,P--SP---------,A-------GL--A--,P-----A----LPSS
254,>84 CluSeq:0.00087_sd:0.00186_transl.frame:2,P---P----CS---,-L---LG--L-----,PS--------*L---
255,>85 CluSeq:0.00087_sd:0.00185_transl.frame:0,P----------CR-,ALE------------,-S---SA-VL-----
256,>85 CluSeq:0.00087_sd:0.00185_transl.frame:1,P-TS-R--S-S---,AL-L---A-------,P---TS-R-----SS
257,>85 CluSeq:0.00087_sd:0.00185_transl.frame:2,P---P---------,A---------VVAV-,-------R---LP--
258,>86 CluSeq:0.00084_sd:0.00108_transl.frame:0,---SPR---C----,----------VV-V-,PSN-----VL-----
259,>86 CluSeq:0.00084_sd:0.00108_transl.frame:1,PR-----GS-----,ALE------------,PS--T---V------
260,>86 CluSeq:0.00084_sd:0.00108_transl.frame:2,P-T-----------,A-E------LV----,P-----A-VL---S-
261,>87 CluSeq:0.00084_sd:0.0018_transl.frame:0,PR------------,----------VV-V-,PS----------PSS
262,>87 CluSeq:0.00084_sd:0.0018_transl.frame:1,PR-S----SC----,A---HL---LV----,PS-F---RV----SS
263,>87 CluSeq:0.00084_sd:0.0018_transl.frame:2,--T-----------,-LEL---A-LV-A--,---FT---VL-L---
264,>88 CluSeq:0.00081_sd:0.00017_transl.frame:0,P-T-P---------,-L-L------VVAVV,--------V----SS
265,>88 CluSeq:0.00081_sd:0.00017_transl.frame:1,P---P----CSC--,AL-L-----------,PS--T--R--*LPSS
266,>88 CluSeq:0.00081_sd:0.00017_transl.frame:2,P------G-CSCRR,AL--H-G--------,PS-----R----P--
267,>89 CluSeq:0.00077_sd:0.00173_transl.frame:0,---S----SCSCRR,----------VV-V-,--------V----SS
268,>89 CluSeq:0.00077_sd:0.00173_transl.frame:1,P--S--RG------,A-------GLVVAVV,PS----A-V------
269,>89 CluSeq:0.00077_sd:0.00173_transl.frame:2,P--S----S-----,-L-------LVV---,-------RVL*LPSS
270,>90 CluSeq:0.00076_sd:0.0017_transl.frame:0,--TS----S-----,----------VV-VV,-SN------------
271,>90 CluSeq:0.00076_sd:0.0017_transl.frame:1,PR-SP---S-----,ALE---G--------,P-----A----LPSS
272,>90 CluSeq:0.00076_sd:0.0017_transl.frame:2,---S----------,---LHL-A-LVV---,-S------V-*----
273,>91 CluSeq:0.00075_sd:0.00169_transl.frame:0,-R-S---GSC----,A------A-LV-A--,-S-F--A---*L---
274,>91 CluSeq:0.00075_sd:0.00169_transl.frame:1,P--SP---S-S---,AL-LH----------,PS---SA---*----
275,>91 CluSeq:0.00075_sd:0.00169_transl.frame:2,-R-S-----CS-R-,AL-L-L---L-----,-S-FTS---------
276,>92 CluSeq:0.00075_sd:0.00168_transl.frame:0,PR-SP----C----,-LE----A-------,--------V----SS
277,>92 CluSeq:0.00075_sd:0.00168_transl.frame:1,P-TS---GS-S---,A---H---GL--A--,PS-------L---SS
278,>92 CluSeq:0.00075_sd:0.00168_transl.frame:2,PR------SC----,-L-LHL---L-----,PS-----RVL-L---
279,>93 CluSeq:0.00074_sd:0.00166_transl.frame:0,-RTS----------,---------LVVA--,--------V----SS
280,>93 CluSeq:0.00074_sd:0.00166_transl.frame:1,PR------------,AL--------V----,PS--TS-RV------
281,>93 CluSeq:0.00074_sd:0.00166_transl.frame:2,PR---------CR-,---LHLGA----A--,P---T-AR--*----
282,>94 CluSeq:0.00072_sd:0.00152_transl.frame:0,PR-S----S-----,A------AG------,-S---SAR-----SS
283,>94 CluSeq:0.00072_sd:0.00152_transl.frame:1,PR--PRRG------,A---HLG--------,P-----ARV---P--
284,>94 CluSeq:0.00072_sd:0.00152_transl.frame:2,-RTSP--GS-----,-L---LGAGL-----,PS---S--VL-----
285,>95 CluSeq:0.00072_sd:0.00119_transl.frame:0,---SP---S-S---,----------VV-V-,P-------VL*LPSS
286,>95 CluSeq:0.00072_sd:0.00119_transl.frame:1,P---P---SCS---,AL-------------,PS-----RVL---S-
287,>95 CluSeq:0.00072_sd:0.00119_transl.frame:2,P-TS----------,ALE-H--A-LV----,PS-FTSA-V------
288,>96 CluSeq:0.00071_sd:0.00158_transl.frame:0,PR-SP----C----,-L-----AG------,--------V----SS
289,>96 CluSeq:0.00071_sd:0.00158_transl.frame:1,PRTS----------,AL-----A-------,PS--TS---------
290,>96 CluSeq:0.00071_sd:0.00158_transl.frame:2,P--SPR--------,-L-LH----------,--------V--LPSS
291,>97 CluSeq:0.00067_sd:0.00074_transl.frame:0,P--SP---------,----------VVAV-,--------V----SS
292,>97 CluSeq:0.00067_sd:0.00074_transl.frame:1,P-T-P--GSC----,A---H-GA-------,PS----A--------
293,>97 CluSeq:0.00067_sd:0.00074_transl.frame:2,PR--P--GS-----,-L-L-LG--L-----,PS------VL-----
294,>98 CluSeq:0.00066_sd:0.00148_transl.frame:0,P-T--RR-------,--E------LVVAVV,--------V----SS
295,>98 CluSeq:0.00066_sd:0.00148_transl.frame:1,P--SP--GS-S---,A-------GL-----,PS-------L*LPSS
296,>98 CluSeq:0.00066_sd:0.00148_transl.frame:2,-RT------CSCRR,A---H--A-------,-S-----R-------
297,>99 CluSeq:0.00059_sd:0.00132_transl.frame:0,-RTS-R--------,-LEL-L---------,--------V----SS
298,>99 CluSeq:0.00059_sd:0.00132_transl.frame:1,P---P--G-C-C--,A-E------LV-A--,P-----A-VL-----
299,>99 CluSeq:0.00059_sd:0.00132_transl.frame:2,PR-SP---------,A---------V----,--------V--LPSS
300,>100 CluSeq:0.00059_sd:0.00132_transl.frame:0,PR-SP----C----,-L-----AG-V----,--------V----SS
301,>100 CluSeq:0.00059_sd:0.00132_transl.frame:1,PRTS----------,AL-L-----------,PS--TS---L-----
302,>100 CluSeq:0.00059_sd:0.00132_transl.frame:2,P--SPR---C----,-L-LH----------,--------V--LPSS
303,>101 CluSeq:0.00058_sd:0.00129_transl.frame:0,-RTS-R--------,-LEL-----------,--------V----SS
304,>101 CluSeq:0.00058_sd:0.00129_transl.frame:1,P---P--G-C-C--,A-E------LV-A--,P-----A-VL-----
305,>101 CluSeq:0.00058_sd:0.00129_transl.frame:2,PR-SP---------,A---------V----,--------V--LPSS
306,>102 CluSeq:0.00058_sd:0.00122_transl.frame:0,PR------------,-L--H-G--LV----,-S---S-----LPSS
307,>102 CluSeq:0.00058_sd:0.00122_transl.frame:1,P---P----CS---,A------A-LVV---,PS---S---L*L---
308,>102 CluSeq:0.00058_sd:0.00122_transl.frame:2,P--SP---S-S---,-L-LHL----V----,P------------SS
309,>103 CluSeq:0.00056_sd:0.00126_transl.frame:0,---S----SCS-RR,----------VVA--,-S---S-R---LPSS
310,>103 CluSeq:0.00056_sd:0.00126_transl.frame:1,P-TSPR-G------,AL----G--------,PS-------------
311,>103 CluSeq:0.00056_sd:0.00126_transl.frame:2,P--S----------,-LELHL---------,PS-------L*----
312,>104 CluSeq:0.00054_sd:0.00114_transl.frame:0,PRT--R--------,----------VVA--,PS---SAR-------
313,>104 CluSeq:0.00054_sd:0.00114_transl.frame:1,PR--P---------,A---HLG--------,P-----AR----P--
314,>104 CluSeq:0.00054_sd:0.00114_transl.frame:2,PRTS-R--S-----,-L----G---V----,--------V--LPSS
315,>105 CluSeq:0.00054_sd:0.00076_transl.frame:0,P-T----GS-----,----------VVA--,-S---SA----LPSS
316,>105 CluSeq:0.00054_sd:0.00076_transl.frame:1,PRT----G------,ALE---G--------,PS-FT--R-------
317,>105 CluSeq:0.00054_sd:0.00076_transl.frame:2,-R-SP--G------,-L-LHL--GLV----,PS--T---V------
318,>106 CluSeq:0.00053_sd:0.0011_transl.frame:0,PR--P----CSCRR,----------VV---,--------V----SS
319,>106 CluSeq:0.00053_sd:0.0011_transl.frame:1,P--SPR--------,A--------LVVAVV,PS----A-V------
320,>106 CluSeq:0.00053_sd:0.0011_transl.frame:2,P--S----S-----,AL-L-----------,----T----L*LPSS
321,>107 CluSeq:0.00053_sd:0.0009_transl.frame:0,P-TS----------,A---HL---------,PS--TS---------
322,>107 CluSeq:0.00053_sd:0.0009_transl.frame:1,PR--PR--S-S---,AL-L------VV---,P---T--RV---PSS
323,>107 CluSeq:0.00053_sd:0.0009_transl.frame:2,-----RRGS-S---,-L-L-L---------,PS-F-S---L-L---
324,>108 CluSeq:0.00052_sd:0.00117_transl.frame:0,---S---GSCSCRR,--------GLVV---,--------V----SS
325,>108 CluSeq:0.00052_sd:0.00117_transl.frame:1,P--S--RG------,A-------GLVVAVV,PS---SA-V------
326,>108 CluSeq:0.00052_sd:0.00117_transl.frame:2,-R-S--RGS-S---,-L------GLVV---,-S-----RVL*LPSS
327,>109 CluSeq:0.00047_sd:0.00098_transl.frame:0,PR---R--------,AL-------------,--------V----SS
328,>109 CluSeq:0.00047_sd:0.00098_transl.frame:1,P---P--GS-S---,ALE------------,P----SA--L-L-SS
329,>109 CluSeq:0.00047_sd:0.00098_transl.frame:2,P-TS---GS-----,-LEL-LG--------,--------VL-LPSS
330,>110 CluSeq:0.00044_sd:0.00098_transl.frame:0,--TSPRRGS-SC--,----------VV---,-S--TS-R-L---SS
331,>110 CluSeq:0.00044_sd:0.00098_transl.frame:1,PR--PRR-----R-,A---H--A----A--,P-----AR----P--
332,>110 CluSeq:0.00044_sd:0.00098_transl.frame:2,-R------------,---LHL-A-LVV-V-,------ARVL-L---
333,>111 CluSeq:0.00038_sd:0.00023_transl.frame:0,P--S----------,-L-L------VVAVV,--------V----SS
334,>111 CluSeq:0.00038_sd:0.00023_transl.frame:1,P---P----CS-R-,AL-L-----------,PS--T--R--*LPSS
335,>111 CluSeq:0.00038_sd:0.00023_transl.frame:2,---SP--G-CSCRR,AL-L-----------,PS-----R-L-----
336,>112 CluSeq:0.00038_sd:0.00084_transl.frame:0,P-----RGS-----,--E--LG--------,--------V----SS
337,>112 CluSeq:0.00038_sd:0.00084_transl.frame:1,PRTS----------,AL----G--LV----,PSN-------*----
338,>112 CluSeq:0.00038_sd:0.00084_transl.frame:2,--TS-R--------,-LEL--GA-------,----TS--VL-L---
339,>113 CluSeq:0.00037_sd:0.00083_transl.frame:0,P--S----S-----,----------VV---,-S---S---L*LPSS
340,>113 CluSeq:0.00037_sd:0.00083_transl.frame:1,P--SP----CSCRR,A--------------,PS--TS-R-------
341,>113 CluSeq:0.00037_sd:0.00083_transl.frame:2,-------G------,---LHL---LVVAVV,------A-V------
342,>114 CluSeq:0.00036_sd:0.0005_transl.frame:0,---SP--GS-S---,----------VV---,PS-----R-L*LPS-
343,>114 CluSeq:0.00036_sd:0.0005_transl.frame:1,P--S---GSCSCR-,A-E---G--------,PS---S-R-------
344,>114 CluSeq:0.00036_sd:0.0005_transl.frame:2,P--S---GS-----,A-----G--LVVAV-,P----SA-V------
345,>115 CluSeq:0.00036_sd:0.00079_transl.frame:0,P--S----S-----,AL----GA-L-----,--------V----SS
346,>115 CluSeq:0.00036_sd:0.00079_transl.frame:1,P--SP----CSC--,AL-L-L---------,PS---S-RVL-L-S-
347,>115 CluSeq:0.00036_sd:0.00079_transl.frame:2,-RTSP---------,A---------V----,PS-------L*-P--
348,>116 CluSeq:0.00035_sd:0.00078_transl.frame:0,--TS---G------,------G--LVVA--,--------V----SS
349,>116 CluSeq:0.00035_sd:0.00078_transl.frame:1,PR------------,AL--------V----,PS--TS-RV------
350,>116 CluSeq:0.00035_sd:0.00078_transl.frame:2,PR---------CR-,---LHL----VVA--,P---T-AR-------
351,>117 CluSeq:0.00032_sd:0.00064_transl.frame:0,---S---GSCS---,ALE------------,--------V----SS
352,>117 CluSeq:0.00032_sd:0.00064_transl.frame:1,P--S-----CS-R-,AL-LH----------,PS---S-R-------
353,>117 CluSeq:0.00032_sd:0.00064_transl.frame:2,P------G-CS-R-,-L---LG-GLV----,-------RVL-LP--
354,>118 CluSeq:0.00031_sd:0.00028_transl.frame:0,PR---R--------,--------GLVVAVV,--------V----SS
355,>118 CluSeq:0.00031_sd:0.00028_transl.frame:1,P-T-----------,ALE------------,P-----A-VL*LPSS
356,>118 CluSeq:0.00031_sd:0.00028_transl.frame:2,-R------SCSCRR,-L-L-----------,P-------VL*-PS-
357,>119 CluSeq:0.00029_sd:8e-05_transl.frame:0,P-T-P---------,-L-L------VVAVV,--------V----SS
358,>119 CluSeq:0.00029_sd:8e-05_transl.frame:1,P---P----CS-R-,AL-------------,PS--T--R--*LPSS
359,>119 CluSeq:0.00029_sd:8e-05_transl.frame:2,P------G-CSCRR,AL--H-G--------,PS-------------
360,>120 CluSeq:0.00029_sd:0.00052_transl.frame:0,PR-S----S-----,----------VVAVV,PS-----RVL-----
361,>120 CluSeq:0.00029_sd:0.00052_transl.frame:1,PRTS----SC----,A--LHL----V----,PSN--S--VL-----
362,>120 CluSeq:0.00029_sd:0.00052_transl.frame:2,P-T------C-C--,AL--H-----V----,--------V--LP--
363,>121 CluSeq:0.00028_sd:0.00062_transl.frame:0,PR------------,---------LVVAVV,--------V----SS
364,>121 CluSeq:0.00028_sd:0.00062_transl.frame:1,P-TSP---------,ALE------------,P---T----L*LPSS
365,>121 CluSeq:0.00028_sd:0.00062_transl.frame:2,-----RR-SCSCRR,-L-L-----------,PS----------P--
366,>122 CluSeq:0.00026_sd:0.00058_transl.frame:0,---SPR--------,----------VVAV-,-S---SAR-L*LP--
367,>122 CluSeq:0.00026_sd:0.00058_transl.frame:1,P---P--GSCSC--,ALE---G--------,P-N------L*--SS
368,>122 CluSeq:0.00026_sd:0.00058_transl.frame:2,P-TS----SCS---,-LE------LVVA--,--------V--LPSS
369,>123 CluSeq:0.00026_sd:0.00058_transl.frame:0,--TS----------,------G--LVVA--,--------V----SS
370,>123 CluSeq:0.00026_sd:0.00058_transl.frame:1,PR------------,AL--------V----,PS--TS-RV------
371,>123 CluSeq:0.00026_sd:0.00058_transl.frame:2,PR--P------CR-,---LHL----VVA--,P---T-AR--*----
372,>124 CluSeq:0.00024_sd:0.00054_transl.frame:0,PR------------,----------VV-VV,-S---S--V-*LPSS
373,>124 CluSeq:0.00024_sd:0.00054_transl.frame:1,P--S------SCRR,AL-------------,P-----A-----PSS
374,>124 CluSeq:0.00024_sd:0.00054_transl.frame:2,PRT-----------,-L-L-------VAVV,P---T-A--------
375,>125 CluSeq:0.00024_sd:0.00053_transl.frame:0,PR-S----S-----,----------VVA--,--------V----SS
376,>125 CluSeq:0.00024_sd:0.00053_transl.frame:1,P---P--G------,A-EL-----------,P--F-----L-----
377,>125 CluSeq:0.00024_sd:0.00053_transl.frame:2,PR-----GSCS-R-,-L-L--G-G------,--------V--LPSS
378,>126 CluSeq:0.00024_sd:0.00053_transl.frame:0,PR-SP---------,------GA-L-----,P-----A-VL-L---
379,>126 CluSeq:0.00024_sd:0.00053_transl.frame:1,P-T-----------,ALE-----GL-----,PS--T----------
380,>126 CluSeq:0.00024_sd:0.00053_transl.frame:2,P-T-P-RG-CS-R-,-L---LG--------,PS-----RV-*L---
381,>127 CluSeq:0.00024_sd:0.00042_transl.frame:0,---S----SCSC--,A-----GA----A--,-S---SA--------
382,>127 CluSeq:0.00024_sd:0.00042_transl.frame:1,PR-S----------,AL----G-G------,P---T--RV-*-PS-
383,>127 CluSeq:0.00024_sd:0.00042_transl.frame:2,-R------------,-L-LHLGA-------,-S----A--------
384,>128 CluSeq:0.00023_sd:0.00052_transl.frame:0,P-T-P---------,A----LG--------,--------V----SS
385,>128 CluSeq:0.00023_sd:0.00052_transl.frame:1,P-TS----------,AL-LHL---------,P-----A--L*L-S-
386,>128 CluSeq:0.00023_sd:0.00052_transl.frame:2,PR-S----S-----,-LE----AG------,--------V--LPSS
387,>129 CluSeq:0.00023_sd:0.00051_transl.frame:0,--TS----------,------G--LVVA--,--------V----SS
388,>129 CluSeq:0.00023_sd:0.00051_transl.frame:1,PR------------,AL--------V----,PS--TS-RV------
389,>129 CluSeq:0.00023_sd:0.00051_transl.frame:2,PR---------CR-,---LHL----VVA--,P---T-AR--*----
390,>130 CluSeq:0.00023_sd:0.00051_transl.frame:0,---S---GS-----,A---HL---L-----,--------V----SS
391,>130 CluSeq:0.00023_sd:0.00051_transl.frame:1,PRTS----S-----,AL-------------,P---TS-------S-
392,>130 CluSeq:0.00023_sd:0.00051_transl.frame:2,P--SP---------,-LE------------,PS-F-----------
393,>131 CluSeq:0.00022_sd:0.0005_transl.frame:0,P--S----SCS---,--------GLV----,-S---S--VL*LPSS
394,>131 CluSeq:0.00022_sd:0.0005_transl.frame:1,P--S-----CSCRR,AL-------------,PS--TS------PS-
395,>131 CluSeq:0.00022_sd:0.0005_transl.frame:2,-----RRG-C--R-,-L------GLVVAVV,P---T-A--------
396,>132 CluSeq:0.00022_sd:0.00048_transl.frame:0,PR------------,---------LVVAVV,PS-FT-A--------
397,>132 CluSeq:0.00022_sd:0.00048_transl.frame:1,PR------------,AL-LH----------,P-----A--L*LPSS
398,>132 CluSeq:0.00022_sd:0.00048_transl.frame:2,P--------CSCRR,-L--------V----,PS-----R-------
399,>133 CluSeq:0.00021_sd:0.00047_transl.frame:0,--T---RGSCSC--,-LE------------,--------V----SS
400,>133 CluSeq:0.00021_sd:0.00047_transl.frame:1,-------GSCS-R-,A----LGA----A--,PS---SAR-----S-
401,>133 CluSeq:0.00021_sd:0.00047_transl.frame:2,P---P--G------,---LHLGA----A--,P-----A--------
402,>134 CluSeq:0.00021_sd:0.00047_transl.frame:0,PR-S----S-S---,----------VV-V-,P---T--RVL*LPSS
403,>134 CluSeq:0.00021_sd:0.00047_transl.frame:1,P--SP---SCSCRR,AL-L-----------,PS--TS---------
404,>134 CluSeq:0.00021_sd:0.00047_transl.frame:2,P-T-----------,A---H----LVVAVV,--------V--LPSS
405,>135 CluSeq:0.0002_sd:0.00046_transl.frame:0,---S----SCSCRR,----------VVAV-,P---TS------P--
406,>135 CluSeq:0.0002_sd:0.00046_transl.frame:1,P--S--RG-C--R-,A-------GLVVAVV,PS--T--R-------
407,>135 CluSeq:0.0002_sd:0.00046_transl.frame:2,P--S----SCS---,-L-L----GLV----,-------RVL*LPSS
408,>136 CluSeq:0.0002_sd:0.00046_transl.frame:0,-RTS---G------,---------LVVA--,--------V----SS
409,>136 CluSeq:0.0002_sd:0.00046_transl.frame:1,PR------------,AL--------V----,PS--TS-RV------
410,>136 CluSeq:0.0002_sd:0.00046_transl.frame:2,PR--P------CR-,---LHLGA----A--,P---T-AR----P--
411,>137 CluSeq:0.00019_sd:0.00043_transl.frame:0,---S--RG------,--------GLVVAVV,--------V----SS
412,>137 CluSeq:0.00019_sd:0.00043_transl.frame:1,P--S----S-----,A-------GL-----,P--F----VL*LPSS
413,>137 CluSeq:0.00019_sd:0.00043_transl.frame:2,-R-S-----CSCRR,A--------------,-S---S-R-------
414,>138 CluSeq:0.00019_sd:0.00041_transl.frame:0,PR-----G------,----HLGA-------,--------V----SS
415,>138 CluSeq:0.00019_sd:0.00041_transl.frame:1,P-TS---GS-----,AL----------AVV,PS--TSA-VL-----
416,>138 CluSeq:0.00019_sd:0.00041_transl.frame:2,P--S----SCS---,AL----------AV-,PS---SA-V----S-
417,>139 CluSeq:0.00018_sd:0.00041_transl.frame:0,PRT-----------,---------LVVAVV,PS-FT-A--------
418,>139 CluSeq:0.00018_sd:0.00041_transl.frame:1,PR------------,AL-LH----------,P-----A--L*LPSS
419,>139 CluSeq:0.00018_sd:0.00041_transl.frame:2,P--------CSCRR,-L--------V----,PS-----R-------
420,>140 CluSeq:0.00018_sd:0.0003_transl.frame:0,---SPR---C----,----------VV-V-,PSN-----VL-----
421,>140 CluSeq:0.00018_sd:0.0003_transl.frame:1,PR-----GS-----,ALE------------,PS--T---V------
422,>140 CluSeq:0.00018_sd:0.0003_transl.frame:2,P-T-----------,A-E------LV----,P-----A-VL---S-
423,>141 CluSeq:0.00018_sd:0.0004_transl.frame:0,PR-S----SC----,-L-LH----------,P---T--RVL*LPSS
424,>141 CluSeq:0.00018_sd:0.0004_transl.frame:1,P--SP---SCSCRR,A-E-------V----,PS-FTS---------
425,>141 CluSeq:0.00018_sd:0.0004_transl.frame:2,P-T-----------,A---H----LVVAVV,PS-FT----L-----
426,>142 CluSeq:0.00018_sd:0.00039_transl.frame:0,PRT-----------,---------LVVAVV,--------V----SS
427,>142 CluSeq:0.00018_sd:0.00039_transl.frame:1,PR------------,ALE------------,P-----A--L*LPSS
428,>142 CluSeq:0.00018_sd:0.00039_transl.frame:2,P--------CSCRR,-L-L-L---------,PS--T-------PS-
429,>143 CluSeq:0.00017_sd:0.00038_transl.frame:0,P--S----------,AL-------------,-S---S-RVL-LPS-
430,>143 CluSeq:0.00017_sd:0.00038_transl.frame:1,P---P--GSCS---,A----LGA-L-----,P-----A-VL*LPS-
431,>143 CluSeq:0.00017_sd:0.00038_transl.frame:2,---SP---SC----,AL-------------,-----SA-V---PSS
432,>144 CluSeq:0.00017_sd:0.00038_transl.frame:0,PRT--R--------,----------VVA--,-S---SAR----P--
433,>144 CluSeq:0.00017_sd:0.00038_transl.frame:1,PRTSP---------,ALE------------,PS----------P--
434,>144 CluSeq:0.00017_sd:0.00038_transl.frame:2,P-TS----------,AL-L-----------,P----------LPS-
435,>145 CluSeq:0.00017_sd:0.00037_transl.frame:0,--T--RRGS-SCR-,----------VV---,P--------L*--SS
436,>145 CluSeq:0.00017_sd:0.00037_transl.frame:1,P---P--GS-S-R-,A-E-H--A-------,PS----A--------
437,>145 CluSeq:0.00017_sd:0.00037_transl.frame:2,PRT-P---------,ALEL-----------,P-----ARVL-----
438,>146 CluSeq:0.00016_sd:0.00037_transl.frame:0,PR-SP----C----,----------VV-V-,-S---S-----LPSS
439,>146 CluSeq:0.00016_sd:0.00037_transl.frame:1,P--SP--GS-S---,A------A-LV----,PS---S------PS-
440,>146 CluSeq:0.00016_sd:0.00037_transl.frame:2,P---P--G------,ALE-H-G--------,P---------*LP--
441,>147 CluSeq:0.00015_sd:0.00034_transl.frame:0,PR------------,---------LVVAVV,--------V----SS
442,>147 CluSeq:0.00015_sd:0.00034_transl.frame:1,PR------------,AL-LHL---------,P-----A--L*LPSS
443,>147 CluSeq:0.00015_sd:0.00034_transl.frame:2,P--------CSCRR,-L-L-L---------,PS-----R-------
444,>148 CluSeq:0.00015_sd:0.00034_transl.frame:0,PR------------,----------VV-V-,-S---S--V-*LPSS
445,>148 CluSeq:0.00015_sd:0.00034_transl.frame:1,PR--------SCRR,AL-L-----------,PS---S-R----PSS
446,>148 CluSeq:0.00015_sd:0.00034_transl.frame:2,PR------------,-L-------LVVAVV,PS--T-A--------
447,>149 CluSeq:0.00015_sd:0.00033_transl.frame:0,---S----SC----,----------VVA--,--------V----SS
448,>149 CluSeq:0.00015_sd:0.00033_transl.frame:1,P-T-P--G------,ALEL--G--------,P---T---V-*L---
449,>149 CluSeq:0.00015_sd:0.00033_transl.frame:2,PR-S---G------,-L-LHLG--------,PSN--S---L-----
450,>150 CluSeq:0.00014_sd:0.00031_transl.frame:0,PRT-----------,---------LVVAVV,--------V----SS
451,>150 CluSeq:0.00014_sd:0.00031_transl.frame:1,PR------------,ALE------------,P-----A--L*LPSS
452,>150 CluSeq:0.00014_sd:0.00031_transl.frame:2,P--------CSCRR,-L-L-L---------,PS-----R-------
453,>151 CluSeq:0.00014_sd:0.00031_transl.frame:0,--TS----SCS---,-L---LG--LV----,PS-------------
454,>151 CluSeq:0.00014_sd:0.00031_transl.frame:1,P---P--GS-S---,ALE-----GL-----,PS----A-VL-L---
455,>151 CluSeq:0.00014_sd:0.00031_transl.frame:2,PR------------,---LHLGA-L--A--,PS-F-----------
456,>152 CluSeq:0.00014_sd:0.00031_transl.frame:0,---SP----CSCRR,----------VV---,PS-----R--*----
457,>152 CluSeq:0.00014_sd:0.00031_transl.frame:1,PRT-----------,------G--LVVAVV,P-------VL--PS-
458,>152 CluSeq:0.00014_sd:0.00031_transl.frame:2,PR------------,-LEL-----------,-S-------L*LPSS
459,>153 CluSeq:0.00014_sd:0.00031_transl.frame:0,PR------------,---------LVVAVV,--------V----SS
460,>153 CluSeq:0.00014_sd:0.00031_transl.frame:1,PR------------,ALE------------,P-----A--L*LPSS
461,>153 CluSeq:0.00014_sd:0.00031_transl.frame:2,P--------CSCRR,-L-L-L---------,PS--T-------PS-
462,>154 CluSeq:0.00014_sd:0.00031_transl.frame:0,-RT-P--G------,ALE---G--------,--------V----SS
463,>154 CluSeq:0.00014_sd:0.00031_transl.frame:1,P-T-PRRGS-S-RR,AL--------VV---,PS--TS-RV------
464,>154 CluSeq:0.00014_sd:0.00031_transl.frame:2,PR-S-R--S-----,A-----------AV-,PS---S---------
465,>155 CluSeq:0.00014_sd:0.0003_transl.frame:0,PRT-----------,---------LVVAVV,--------V----SS
466,>155 CluSeq:0.00014_sd:0.0003_transl.frame:1,PR------------,ALE------------,P-----A--L*LPSS
467,>155 CluSeq:0.00014_sd:0.0003_transl.frame:2,P--------CSCRR,-L-L-L---------,PS----------PS-
468,>156 CluSeq:0.00013_sd:0.0003_transl.frame:0,---S---GSCSC--,----------VV-V-,--------V----SS
469,>156 CluSeq:0.00013_sd:0.0003_transl.frame:1,P--S-RR-S-----,A---------VVAV-,P----SARV----S-
470,>156 CluSeq:0.00013_sd:0.0003_transl.frame:2,PR--P---------,-L-L-LG-GL--A--,--------VL*LP--
471,>157 CluSeq:0.00013_sd:0.0003_transl.frame:0,PRT-----------,---------LVVAVV,--------V----SS
472,>157 CluSeq:0.00013_sd:0.0003_transl.frame:1,PR------------,ALE------------,P-----A--L*LPSS
473,>157 CluSeq:0.00013_sd:0.0003_transl.frame:2,P--------CSCRR,-L-L-L---------,PS----------PS-
474,>158 CluSeq:0.00013_sd:0.0003_transl.frame:0,-R------------,--------GLVVAVV,--------V----SS
475,>158 CluSeq:0.00013_sd:0.0003_transl.frame:1,P-T-----------,ALE------------,P-----A-VL*LPSS
476,>158 CluSeq:0.00013_sd:0.0003_transl.frame:2,-R------SCSCRR,-L-L-----------,PS-----R-------
477,>159 CluSeq:0.00013_sd:0.00029_transl.frame:0,P-TS----SCS---,----------VV-V-,P---T----L*LPSS
478,>159 CluSeq:0.00013_sd:0.00029_transl.frame:1,P--SP----CSCRR,AL-------------,PS--TS------P--
479,>159 CluSeq:0.00013_sd:0.00029_transl.frame:2,PR------------,A---H----LVVAVV,P---T--R-------
480,>160 CluSeq:0.00012_sd:0.00028_transl.frame:0,---SP--GS-----,A-----G--LVVAV-,--------V----SS
481,>160 CluSeq:0.00012_sd:0.00028_transl.frame:1,P--SPR--S-----,AL-L-L---------,PS-----R-L*LPS-
482,>160 CluSeq:0.00012_sd:0.00028_transl.frame:2,P--S---GSCSCRR,-LE---G--------,--------V--LPSS
483,>161 CluSeq:0.00012_sd:0.00012_transl.frame:0,P-T-P---------,-L-L------VVAVV,--------V----SS
484,>161 CluSeq:0.00012_sd:0.00012_transl.frame:1,P---P----CS-RR,AL-------------,PS--T--R--*LPSS
485,>161 CluSeq:0.00012_sd:0.00012_transl.frame:2,P------G-CSCRR,AL--H-G-G------,PS-----R----P--
486,>162 CluSeq:0.00012_sd:0.00027_transl.frame:0,P--S----SCS---,--------GLV----,-S---S--VL*LPSS
487,>162 CluSeq:0.00012_sd:0.00027_transl.frame:1,P--S--RG-CSCRR,A-----GA-L-----,PS--TS------P--
488,>162 CluSeq:0.00012_sd:0.00027_transl.frame:2,PR------------,-L-L----GLVVAVV,P---T--R-------
489,>163 CluSeq:0.00012_sd:0.00027_transl.frame:0,P-T--RR-------,---------LVVAVV,--------V----SS
490,>163 CluSeq:0.00012_sd:0.00027_transl.frame:1,P-TSPR--------,AL-L-L---L-----,P-----A--L*LPSS
491,>163 CluSeq:0.00012_sd:0.00027_transl.frame:2,P--------CSCRR,-L-LHL-A-------,--------V--LPS-
492,>164 CluSeq:0.00012_sd:0.00026_transl.frame:0,---S---G------,------GA--VVAVV,--------V----SS
493,>164 CluSeq:0.00012_sd:0.00026_transl.frame:1,P--S----S-----,A-EL-L---------,P-----A--L*LPSS
494,>164 CluSeq:0.00012_sd:0.00026_transl.frame:2,-------GSCSCRR,---LH-G--------,-S---S-R-------
495,>165 CluSeq:0.00011_sd:0.00025_transl.frame:0,PR------------,---------LVVAVV,--------V----SS
496,>165 CluSeq:0.00011_sd:0.00025_transl.frame:1,P-TSPR--------,AL-L-L---L-----,P-----A--L*LPSS
497,>165 CluSeq:0.00011_sd:0.00025_transl.frame:2,P--------CSCRR,-L-LHL-A-------,--------V--LPS-
498,>166 CluSeq:0.00011_sd:0.00025_transl.frame:0,---SP--GS-S---,-L------GL-----,P--F-----L*LPSS
499,>166 CluSeq:0.00011_sd:0.00025_transl.frame:1,P--S-----CSCRR,A---H--A-LV----,PS---S-R-------
500,>166 CluSeq:0.00011_sd:0.00025_transl.frame:2,P-------------,-L-L------VVAVV,P--F--A-V------
501,>167 CluSeq:0.0001_sd:0.00023_transl.frame:0,PR------------,---------LVVAVV,--------V----SS
502,>167 CluSeq:0.0001_sd:0.00023_transl.frame:1,PR------------,ALE------------,P-----A--L*LPSS
503,>167 CluSeq:0.0001_sd:0.00023_transl.frame:2,P--------CSCRR,-L-L-L---------,PS-----R-------
504,>168 CluSeq:0.0001_sd:0.00022_transl.frame:0,P--S---G-CSCRR,----------VVA--,--------V----SS
505,>168 CluSeq:0.0001_sd:0.00022_transl.frame:1,PR-S----------,A---H-----VVAVV,PS---SA-V------
506,>168 CluSeq:0.0001_sd:0.00022_transl.frame:2,P--SP---S-S---,-LEL-----------,PSN-------*LPSS
507,>169 CluSeq:0.0001_sd:0.00022_transl.frame:0,-R---RR-------,----------VVA--,-S---SAR-------
508,>169 CluSeq:0.0001_sd:0.00022_transl.frame:1,PRT-P---------,A-E------------,PSN-T--R----P--
509,>169 CluSeq:0.0001_sd:0.00022_transl.frame:2,PR------------,---LHLGAG------,PS-----R-------
510,>170 CluSeq:0.0001_sd:0.00022_transl.frame:0,PR-SP--G------,----------VVA--,PS---S------PSS
511,>170 CluSeq:0.0001_sd:0.00022_transl.frame:1,P--SPR-G-C----,AL-L-L-AG------,PS---S---L-LP--
512,>170 CluSeq:0.0001_sd:0.00022_transl.frame:2,P-TS----------,AL-L-L------AV-,--------V--LPS-
513,>171 CluSeq:0.0001_sd:0.00022_transl.frame:0,P-TS----------,A---HL---------,PS--TS---------
514,>171 CluSeq:0.0001_sd:0.00022_transl.frame:1,PR--PR--S-S---,AL-L------VV---,P---T--RV---PSS
515,>171 CluSeq:0.0001_sd:0.00022_transl.frame:2,-----RRGS-S---,-L-L-L---------,PS-F-S---L-L---
516,>172 CluSeq:9e-05_sd:0.00021_transl.frame:0,PR------------,---------LVVAVV,--------V----SS
517,>172 CluSeq:9e-05_sd:0.00021_transl.frame:1,P-TSP---------,ALE------------,P---T----L*LPSS
518,>172 CluSeq:9e-05_sd:0.00021_transl.frame:2,-----RR-SCSCRR,-L-L-----------,P-------VL*-PS-
519,>173 CluSeq:9e-05_sd:0.0002_transl.frame:0,-R------------,----------VV-V-,--------V----SS
520,>173 CluSeq:9e-05_sd:0.0002_transl.frame:1,PRTS-R--------,A-E----A----A--,P---TSA--------
521,>173 CluSeq:9e-05_sd:0.0002_transl.frame:2,PRT-----------,---LH--AG-VV---,P--FT----------
522,>174 CluSeq:9e-05_sd:0.0002_transl.frame:0,PR------------,---------LVVAVV,--------V----SS
523,>174 CluSeq:9e-05_sd:0.0002_transl.frame:1,P-TSP---------,AL-LHL---------,P---T----L*LPSS
524,>174 CluSeq:9e-05_sd:0.0002_transl.frame:2,-----RR-SCSCRR,-L-L-----------,PS----------P--
525,>175 CluSeq:9e-05_sd:0.0002_transl.frame:0,PR---R--------,---------LVVAVV,--------V----SS
526,>175 CluSeq:9e-05_sd:0.0002_transl.frame:1,P-TSP---------,ALE------------,P---T----L*LPSS
527,>175 CluSeq:9e-05_sd:0.0002_transl.frame:2,-----RR-SCSCRR,-L-L-----------,P-------VL*-PS-
528,>176 CluSeq:9e-05_sd:0.00019_transl.frame:0,P--S----SC-C--,--------GLV----,-S---S--VL*LPSS
529,>176 CluSeq:9e-05_sd:0.00019_transl.frame:1,P--S-----CSCRR,AL-----A-------,PS--TSA------S-
530,>176 CluSeq:9e-05_sd:0.00019_transl.frame:2,-----RRG-C--R-,-L------GLVVAVV,P---T-A--------
531,>177 CluSeq:9e-05_sd:0.00019_transl.frame:0,---S----SCSCRR,----------VVAV-,P-------VL--P--
532,>177 CluSeq:9e-05_sd:0.00019_transl.frame:1,P--S--RGS---R-,A-------GLVVAVV,PS--T--R-------
533,>177 CluSeq:9e-05_sd:0.00019_transl.frame:2,P--S----SCS---,-L-L----GL-----,-------RVL*LPSS
534,>178 CluSeq:8e-05_sd:0.00019_transl.frame:0,P-T-----------,-L-------LV----,--------V----SS
535,>178 CluSeq:8e-05_sd:0.00019_transl.frame:1,P-TSP---------,AL---LGA-L-----,P---T----L--PSS
536,>178 CluSeq:8e-05_sd:0.00019_transl.frame:2,P--S----------,A-----GAGL-----,P-------VL-LPS-
537,>179 CluSeq:8e-05_sd:0.00019_transl.frame:0,PR--P---------,---------LVVAVV,--------V----SS
538,>179 CluSeq:8e-05_sd:0.00019_transl.frame:1,P-TSPR--------,AL-L-L---L-----,P-----A--L*LPSS
539,>179 CluSeq:8e-05_sd:0.00019_transl.frame:2,P--------CSCRR,-L-LHL-A-------,--------V--LPS-
540,>180 CluSeq:8e-05_sd:0.00018_transl.frame:0,---SPRR-S-S-R-,----------VVA--,--------V----SS
541,>180 CluSeq:8e-05_sd:0.00018_transl.frame:1,PRT-P--G------,AL-L--G-G------,P-----ARV-*LP--
542,>180 CluSeq:8e-05_sd:0.00018_transl.frame:2,--TS---G------,-LEL-LG--------,-SN--S---L*L---
543,>181 CluSeq:8e-05_sd:0.00018_transl.frame:0,PR------------,---------LVVAVV,--------V----SS
544,>181 CluSeq:8e-05_sd:0.00018_transl.frame:1,P---P---SCS-R-,AL-LHL---------,P-----A--L*LPSS
545,>181 CluSeq:8e-05_sd:0.00018_transl.frame:2,P--------CSCRR,AL-L-----------,PS-----R-------
546,>182 CluSeq:8e-05_sd:0.00017_transl.frame:0,---S----SC----,----------VVAV-,--------V----SS
547,>182 CluSeq:8e-05_sd:0.00017_transl.frame:1,P-T-P--G------,ALEL--G--------,P---T---V-*L---
548,>182 CluSeq:8e-05_sd:0.00017_transl.frame:2,PR-S---G------,-L-LHLG--------,PSN--S---L-----
549,>183 CluSeq:8e-05_sd:0.00017_transl.frame:0,--T---RGSCSCR-,----------VV-V-,--------V----SS
550,>183 CluSeq:8e-05_sd:0.00017_transl.frame:1,PR-S-R---C----,A----LGA----A--,PS---SAR--*----
551,>183 CluSeq:8e-05_sd:0.00017_transl.frame:2,P---P---------,---LHLG---VV---,P-------V---P--
552,>184 CluSeq:7e-05_sd:0.00017_transl.frame:0,P------G-CS-R-,A---H-GAG------,--------V----SS
553,>184 CluSeq:7e-05_sd:0.00017_transl.frame:1,PR------------,A-----G----VAVV,PS---SA-VL-LP--
554,>184 CluSeq:7e-05_sd:0.00017_transl.frame:2,-R------SCS---,AL---LG--------,PS-------L-----
555,>185 CluSeq:7e-05_sd:0.00016_transl.frame:0,P-----RGS-----,--E--LG--------,--------V----SS
556,>185 CluSeq:7e-05_sd:0.00016_transl.frame:1,PRTS----------,AL----G--LV----,PSN-------*----
557,>185 CluSeq:7e-05_sd:0.00016_transl.frame:2,--TS-R--------,-LEL--GA-------,----TS--VL-L---
558,>186 CluSeq:7e-05_sd:0.00016_transl.frame:0,PR------------,----------VV-VV,-S---S--V-*LPSS
559,>186 CluSeq:7e-05_sd:0.00016_transl.frame:1,P--S------SCRR,AL-----A-------,PS--TSAR-------
560,>186 CluSeq:7e-05_sd:0.00016_transl.frame:2,PRT-----------,-L-L-------VAVV,P---T-A--------
561,>187 CluSeq:7e-05_sd:0.00016_transl.frame:0,--TSP----CS---,----------VV-V-,--------V----SS
562,>187 CluSeq:7e-05_sd:0.00016_transl.frame:1,P-T-P---------,AL-L-L----V----,P--F----V------
563,>187 CluSeq:7e-05_sd:0.00016_transl.frame:2,P--S---G------,---LHLG--------,PS-F-----------
564,>188 CluSeq:7e-05_sd:0.00015_transl.frame:0,PR------------,---------LVVAVV,--------V----SS
565,>188 CluSeq:7e-05_sd:0.00015_transl.frame:1,P-TSPR--------,AL-LH----------,P-----A--L*LPSS
566,>188 CluSeq:7e-05_sd:0.00015_transl.frame:2,P--------CSCRR,A-E------------,--------V--LPS-
567,>189 CluSeq:7e-05_sd:0.00015_transl.frame:0,PR------------,---------LVVAVV,--------V----SS
568,>189 CluSeq:7e-05_sd:0.00015_transl.frame:1,PR------------,ALE------------,P-----A--L*LPSS
569,>189 CluSeq:7e-05_sd:0.00015_transl.frame:2,P--------CSCRR,-L-L-L---------,PS----------PS-
570,>190 CluSeq:7e-05_sd:0.00015_transl.frame:0,---S----SCS---,A--------LV----,-S---SA-VL*--S-
571,>190 CluSeq:7e-05_sd:0.00015_transl.frame:1,PR-S-RR-------,A-----GA-------,P-----AR-----SS
572,>190 CluSeq:7e-05_sd:0.00015_transl.frame:2,-------GS-----,ALE---G--------,P--------------
573,>191 CluSeq:7e-05_sd:0.00015_transl.frame:0,P-T-P---SCS---,----------VV-V-,P---T----L*LPSS
574,>191 CluSeq:7e-05_sd:0.00015_transl.frame:1,P--SP----CSCRR,AL-------------,PS--TS------P--
575,>191 CluSeq:7e-05_sd:0.00015_transl.frame:2,PR------------,A---H----LVVAVV,P---T--R-------
576,>192 CluSeq:7e-05_sd:9e-05_transl.frame:0,---S----SC-C--,------G-G--VAVV,--------V----SS
577,>192 CluSeq:7e-05_sd:9e-05_transl.frame:1,P--S----S-----,A---------VVA--,P-----A-V--LPSS
578,>192 CluSeq:7e-05_sd:9e-05_transl.frame:2,-R---------CRR,-L-L-L---------,-------R-------
579,>193 CluSeq:6e-05_sd:0.00014_transl.frame:0,P-TS----------,----------VVA--,P----------LPS-
580,>193 CluSeq:6e-05_sd:0.00014_transl.frame:1,P------GSC--R-,A---H--A-------,P----SAR----P--
581,>193 CluSeq:6e-05_sd:0.00014_transl.frame:2,PRTSP---------,ALE------------,PS----------P--
582,>194 CluSeq:6e-05_sd:0.00014_transl.frame:0,--T-----------,A---HL---L-----,--------V----SS
583,>194 CluSeq:6e-05_sd:0.00014_transl.frame:1,PR-S-R--------,AL--H----------,PS-F---R-------
584,>194 CluSeq:6e-05_sd:0.00014_transl.frame:2,--TS----------,A-E------------,-SNF-----------
585,>195 CluSeq:6e-05_sd:0.00014_transl.frame:0,PR------------,----------VV-V-,-S---S--V-*LPSS
586,>195 CluSeq:6e-05_sd:0.00014_transl.frame:1,PR--------SCRR,AL-------------,PS---S-RVL--PS-
587,>195 CluSeq:6e-05_sd:0.00014_transl.frame:2,PR------------,-L-------LVVAVV,PS--T-A--------
588,>196 CluSeq:6e-05_sd:0.00014_transl.frame:0,PRT-----------,---------LVVAVV,--------V----SS
589,>196 CluSeq:6e-05_sd:0.00014_transl.frame:1,PR------------,ALE------------,P-----A--L*LPSS
590,>196 CluSeq:6e-05_sd:0.00014_transl.frame:2,P--------CSCRR,-L-L-L---------,PS-----R-------
591,>197 CluSeq:6e-05_sd:0.00014_transl.frame:0,PRTS----------,--ELH----------,-S---S-RVL*--S-
592,>197 CluSeq:6e-05_sd:0.00014_transl.frame:1,PRT-P---SC----,ALE---G--------,PSN------------
593,>197 CluSeq:6e-05_sd:0.00014_transl.frame:2,PRT-----------,-L-LH--A-------,--------V--LPS-
594,>198 CluSeq:6e-05_sd:0.00013_transl.frame:0,PRT-----------,---------LVVAVV,--------V----SS
595,>198 CluSeq:6e-05_sd:0.00013_transl.frame:1,PR------------,ALE------------,P-----A--L*LPSS
596,>198 CluSeq:6e-05_sd:0.00013_transl.frame:2,P--------CSCRR,-L-L-----------,PS--TS------PS-
597,>199 CluSeq:6e-05_sd:0.00013_transl.frame:0,P--S----SCS---,-L-LHL---------,-S---S--VL*LPSS
598,>199 CluSeq:6e-05_sd:0.00013_transl.frame:1,P--S-----CSCRR,AL-------------,PS--TS------PS-
599,>199 CluSeq:6e-05_sd:0.00013_transl.frame:2,-----RRGS---R-,-L------GLVVAVV,PS--T-A--------
600,>200 CluSeq:6e-05_sd:0.00013_transl.frame:0,--TS----------,-L-------LVVA--,-S---S--VL-L-S-
601,>200 CluSeq:6e-05_sd:0.00013_transl.frame:1,PR------------,AL--------V----,PS--TS-RV------
602,>200 CluSeq:6e-05_sd:0.00013_transl.frame:2,PR--P------CR-,---LHLGA----A--,P---T-AR--*----
603,>201 CluSeq:6e-05_sd:0.00013_transl.frame:0,PR------------,---------LVVAVV,--------V----SS
604,>201 CluSeq:6e-05_sd:0.00013_transl.frame:1,PR------------,ALE------------,P-----A--L*LPSS
605,>201 CluSeq:6e-05_sd:0.00013_transl.frame:2,P--------CSCRR,-L-L-----------,PS-----R-------
606,>202 CluSeq:5e-05_sd:0.00012_transl.frame:0,PR------------,---------LVVAVV,--------V----SS
607,>202 CluSeq:5e-05_sd:0.00012_transl.frame:1,PR------------,ALE------------,P-----A--L*LPSS
608,>202 CluSeq:5e-05_sd:0.00012_transl.frame:2,P--------CSCRR,-L-L-L---------,PS--TS------PS-
609,>203 CluSeq:5e-05_sd:0.00012_transl.frame:0,PR-S----SC----,----------VV-V-,P---T--RVL*LPSS
610,>203 CluSeq:5e-05_sd:0.00012_transl.frame:1,P--SP---SCSCRR,AL-------------,PS--TS---------
611,>203 CluSeq:5e-05_sd:0.00012_transl.frame:2,P-T-----------,A---H----LVVAVV,--------V--LPSS
612,>204 CluSeq:5e-05_sd:0.00011_transl.frame:0,P-T-----------,----------VVAVV,-S---S---L*LP--
613,>204 CluSeq:5e-05_sd:0.00011_transl.frame:1,P--SP---------,AL-L-----------,PSNFT-----*L---
614,>204 CluSeq:5e-05_sd:0.00011_transl.frame:2,-------GSCS-R-,A---H----LV-A--,P-----A------SS
615,>205 CluSeq:5e-05_sd:0.0001_transl.frame:0,PRT----G-C----,----------VV---,P-N----R---LP--
616,>205 CluSeq:5e-05_sd:0.0001_transl.frame:1,P-T-P--G------,ALELH--AG-V----,P---T---VL-----
617,>205 CluSeq:5e-05_sd:0.0001_transl.frame:2,PR-S---G------,AL---LG--LV----,--------V--LPS-
618,>206 CluSeq:5e-05_sd:0.0001_transl.frame:0,---SPRR-------,-L-LH----------,P-N----RVL-L---
619,>206 CluSeq:5e-05_sd:0.0001_transl.frame:1,PRTS---G-CS---,ALE---G--------,PS-FTS-------SS
620,>206 CluSeq:5e-05_sd:0.0001_transl.frame:2,PRT-P---------,-LEL-------VA--,--------V--LPS-
621,>207 CluSeq:4e-05_sd:0.0001_transl.frame:0,---S-RRGS-----,----------VV-V-,-S---S--VL--PS-
622,>207 CluSeq:4e-05_sd:0.0001_transl.frame:1,P--S-RRGS---R-,A-----GAG------,PS----AR----P--
623,>207 CluSeq:4e-05_sd:0.0001_transl.frame:2,PRT--RR-------,---LHLGAG--VA--,P-N-T-AR-------
624,>208 CluSeq:4e-05_sd:0.0001_transl.frame:0,PR---R--------,--------GLVVAVV,P---T-AR-------
625,>208 CluSeq:4e-05_sd:0.0001_transl.frame:1,P--SP---------,ALE----A-------,P-----A-VL*LPSS
626,>208 CluSeq:4e-05_sd:0.0001_transl.frame:2,-R------SCSCRR,-L-L-----------,PS-----R-------
627,>209 CluSeq:4e-05_sd:0.0001_transl.frame:0,---S----SC--R-,----------VVAV-,--------V----SS
628,>209 CluSeq:4e-05_sd:0.0001_transl.frame:1,PR-S-----C----,ALE-------V----,PS--T--R---LPS-
629,>209 CluSeq:4e-05_sd:0.0001_transl.frame:2,P---P-RGS-S---,-L-L-LGA-------,PS---SA--------
630,>210 CluSeq:4e-05_sd:9e-05_transl.frame:0,PR------------,---------LVVAVV,--------V----SS
631,>210 CluSeq:4e-05_sd:9e-05_transl.frame:1,P-TSPR--------,AL-L-L---L-----,P-----A--L*LPSS
632,>210 CluSeq:4e-05_sd:9e-05_transl.frame:2,P--------CSCRR,-L-LHL-A-------,--------V--LPS-
633,>211 CluSeq:4e-05_sd:9e-05_transl.frame:0,-R-SP--GS---RR,--E---GA--V----,PS---SARV------
634,>211 CluSeq:4e-05_sd:9e-05_transl.frame:1,P--SPR-G-C----,AL----G-----AVV,P-----A-VL-L---
635,>211 CluSeq:4e-05_sd:9e-05_transl.frame:2,PR---RRG------,-LE---G--------,PS-----RVL*----
636,>212 CluSeq:4e-05_sd:9e-05_transl.frame:0,P-T-----------,---------LVVAVV,--------V----SS
637,>212 CluSeq:4e-05_sd:9e-05_transl.frame:1,P-TSP---S-----,AL-L-L---L-----,P---T----L*LPSS
638,>212 CluSeq:4e-05_sd:9e-05_transl.frame:2,-----RR-SCSCRR,-L-LHL-A-------,P---T-A--------
639,>213 CluSeq:4e-05_sd:9e-05_transl.frame:0,-RT-----------,AL-----A--VVAVV,-S---SARV------
640,>213 CluSeq:4e-05_sd:9e-05_transl.frame:1,P-TSP---S-S---,ALEL-L---L-----,P---TS---L*LPSS
641,>213 CluSeq:4e-05_sd:9e-05_transl.frame:2,P---P--G-CSCRR,-L-LH-G--------,P---------*L-S-
642,>214 CluSeq:4e-05_sd:9e-05_transl.frame:0,P-T-P--G------,-L-L------VVAVV,--------V----SS
643,>214 CluSeq:4e-05_sd:9e-05_transl.frame:1,P---P----CS-R-,AL-L---A-------,PS--T--R--*LPSS
644,>214 CluSeq:4e-05_sd:9e-05_transl.frame:2,P------G-CSCRR,AL--H-G--------,PS-----R----P--
645,>215 CluSeq:4e-05_sd:8e-05_transl.frame:0,--TS----SC----,----------VVA--,--------V----SS
646,>215 CluSeq:4e-05_sd:8e-05_transl.frame:1,PR---R--------,AL-L-L-A-------,PSNF---RVL-----
647,>215 CluSeq:4e-05_sd:8e-05_transl.frame:2,P--S----SC----,-LEL-L---------,PS-------L*L---
648,>216 CluSeq:3e-05_sd:7e-05_transl.frame:0,P--S----SCS---,--------GL-----,-S---S--VL*LPSS
649,>216 CluSeq:3e-05_sd:7e-05_transl.frame:1,P--S--RG-CSCRR,A-----GA-L-----,PS---S-RVL*-P--
650,>216 CluSeq:3e-05_sd:7e-05_transl.frame:2,PR---R--------,-L-L----GLVVAVV,PS-----R-L-----
651,>217 CluSeq:3e-05_sd:7e-05_transl.frame:0,PR------------,---------LVVAVV,--------V----SS
652,>217 CluSeq:3e-05_sd:7e-05_transl.frame:1,PR------------,ALE------------,P-----A--L*LPSS
653,>217 CluSeq:3e-05_sd:7e-05_transl.frame:2,P--------CSCRR,-L-L-L---------,PS-----R-------
654,>218 CluSeq:3e-05_sd:7e-05_transl.frame:0,P---P---------,-L-L------VVAVV,--------V----SS
655,>218 CluSeq:3e-05_sd:7e-05_transl.frame:1,P---P----CSC--,AL-L-----------,PS--T--R--*LPSS
656,>218 CluSeq:3e-05_sd:7e-05_transl.frame:2,---SP--G-CSCRR,AL--H-G--------,PS-----R----P--
657,>219 CluSeq:3e-05_sd:7e-05_transl.frame:0,---S----SC-C--,------G-G--VAVV,--------V----SS
658,>219 CluSeq:3e-05_sd:7e-05_transl.frame:1,P--S----S-----,A-EL-----------,P-----A-V--LPSS
659,>219 CluSeq:3e-05_sd:7e-05_transl.frame:2,-------G--SCRR,-L-L-L---------,-S-----R-------
660,>220 CluSeq:3e-05_sd:6e-05_transl.frame:0,---S----SCS---,A--------LV----,-S---SA-VL*--S-
661,>220 CluSeq:3e-05_sd:6e-05_transl.frame:1,PR-S-RR-------,A-----GA-------,P-----AR-----SS
662,>220 CluSeq:3e-05_sd:6e-05_transl.frame:2,-------GS-----,ALE---G--------,P--------------
663,>221 CluSeq:3e-05_sd:6e-05_transl.frame:0,---SP--GS-----,A-----G--LVVAVV,--------V----SS
664,>221 CluSeq:3e-05_sd:6e-05_transl.frame:1,P--SPR--S-----,AL-L-L---------,PS-----R-L*LPS-
665,>221 CluSeq:3e-05_sd:6e-05_transl.frame:2,P--S---GSCSCRR,-LE---G--------,--------V--LPSS
666,>222 CluSeq:3e-05_sd:6e-05_transl.frame:0,PR------------,---------LVVAVV,--------V----SS
667,>222 CluSeq:3e-05_sd:6e-05_transl.frame:1,P-TSPR--------,AL-L-L---L-----,P-----A--L*LPSS
668,>222 CluSeq:3e-05_sd:6e-05_transl.frame:2,P--------CSCRR,-L-LHL-A-------,PS-FT-A--------
669,>223 CluSeq:3e-05_sd:6e-05_transl.frame:0,P-TSPRR-------,---------LVVAVV,PS-----R-------
670,>223 CluSeq:3e-05_sd:6e-05_transl.frame:1,PRT-----------,AL-LHL-A-------,P-----A--L*LPSS
671,>223 CluSeq:3e-05_sd:6e-05_transl.frame:2,P--------CSCRR,-L-LH----------,--------V--LPSS
672,>224 CluSeq:3e-05_sd:6e-05_transl.frame:0,PR------------,---------LVVAVV,--------V----SS
673,>224 CluSeq:3e-05_sd:6e-05_transl.frame:1,PR------------,AL-LHL---------,P-----A--L*LPSS
674,>224 CluSeq:3e-05_sd:6e-05_transl.frame:2,P--------CSCRR,-L-L-----------,PS-----R-------
675,>225 CluSeq:3e-05_sd:6e-05_transl.frame:0,PR------------,-LE-H---GL-----,-S---S--VL-L---
676,>225 CluSeq:3e-05_sd:6e-05_transl.frame:1,P--S-RRGS-----,A-----G-GL-----,PS--TS-------S-
677,>225 CluSeq:3e-05_sd:6e-05_transl.frame:2,-RT-----------,---LHLGAG---A--,-S----AR-------
678,>226 CluSeq:3e-05_sd:6e-05_transl.frame:0,---SP--G------,----------VV-VV,P-NF-S--VL*-P--
679,>226 CluSeq:3e-05_sd:6e-05_transl.frame:1,P-T-----------,A-E------LV----,P--FT---VL-L---
680,>226 CluSeq:3e-05_sd:6e-05_transl.frame:2,P-TS----------,-L-L-L---------,PS-------L*--S-
681,>227 CluSeq:3e-05_sd:6e-05_transl.frame:0,--T----GS-S---,----------VV---,PS----------P--
682,>227 CluSeq:3e-05_sd:6e-05_transl.frame:1,P-TSP---------,AL-LHL----V----,P---T---VL-LP--
683,>227 CluSeq:3e-05_sd:6e-05_transl.frame:2,---S----S-S---,-L--HLGA-------,---F-SA---*--SS
684,>228 CluSeq:3e-05_sd:6e-05_transl.frame:0,-R-SP---S-----,----------VV---,--------V----SS
685,>228 CluSeq:3e-05_sd:6e-05_transl.frame:1,P--S---GS-S---,A------A-LV-A--,PSN--SA--L-----
686,>228 CluSeq:3e-05_sd:6e-05_transl.frame:2,PRT-----------,AL-L-L----V----,P--------L*-P--
687,>229 CluSeq:2e-05_sd:6e-05_transl.frame:0,P-------------,AL-------------,-S---SARVL*----
688,>229 CluSeq:2e-05_sd:6e-05_transl.frame:1,PR-------C----,A-E---G-G------,P-----AR--*-P--
689,>229 CluSeq:2e-05_sd:6e-05_transl.frame:2,-----RRG----RR,-L---LGA--VV---,--N---ARV------
690,>230 CluSeq:2e-05_sd:5e-05_transl.frame:0,PR------------,---------LVVAVV,--------V----SS
691,>230 CluSeq:2e-05_sd:5e-05_transl.frame:1,P-TSP---------,ALE------------,P---T----L*LPSS
692,>230 CluSeq:2e-05_sd:5e-05_transl.frame:2,-----RR-SCSCRR,-L-L-----------,P--FTS------PS-
693,>231 CluSeq:2e-05_sd:5e-05_transl.frame:0,-------G------,ALELHLGAGLVVAVV,------A-V------
694,>231 CluSeq:2e-05_sd:5e-05_transl.frame:1,P-TSP---S-S---,AL-L-----------,PSNFTSARVL*LPSS
695,>231 CluSeq:2e-05_sd:5e-05_transl.frame:2,PRTSPRRGSCSCRR,------G--------,P---TS-R-----SS
