,Seq_stats,Frame_corr_0|LYKVGAAAPRSRSTDDQMELDHMTTGGLHAYPAPRGGPAAKPNVILQIGKCRAEMLEHVRRTHRHLLTEVSKQVERELKGLHRSVGKLENNLDGYVPTGDSQRWKKSIKACLCRCQETIANLER,Frame_1|LYKVGAAAPRSRSTDDQMELDHMTTGGLHAYPAPRGGPAAKPNVILQIGKCRAEMLEHVRRTHRHLLTEVSKQVERELKGLHRSVGKLENNLDGYVPTGDSQRWKKSIKACLCRCQETIANLER,Frame_2|LYKVGAAAPRSRSTDDQMELDHMTTGGLHAYPAPRGGPAAKPNVILQIGKCRAEMLEHVRRTHRHLLTEVSKQVERELKGLHRSVGKLENNLDGYVPTGDSQRWKKSIKACLCRCQETIANLER
0,1 CluSeq:0.6792_sd:0.23677,LYKVGAAAP----T----------------------------------------------------------------------------------------RW--S----------TI-----,-------------T--------------------------------------------------------------------RSV--L---LDGY----D--R---------------------,---VG----RS----DQMELDHMTT---------------------------------------------------------------------------------------------------
1,2 CluSeq:0.0564_sd:0.13812,LYKVGAAAP-----D-----DH-------------------------------------RR---------------------------------------------------------------,---------RSR----QMELDHMTTGG-------------------------------------------------------------------------------------------------,---VG---P----------------------PA-------------------------------------------------------------------------------------------
2,3 CluSeq:0.03883_sd:0.09458,LYKVG----RSRSTDDQMELDHM-----------------------------------------------------------------------------------------------------,---VGAAAP--------------TT-----------------------------------------------------------------------------RW--S----------TI-----,---VGA------------------------------GP--------------------------------------------------------Y-----------------------------
3,4 CluSeq:0.03368_sd:0.08226,LYKV--------------ELDHMTTGGLHAYPA-------------------------------------------------------------------------------------------,--------P----------------------------PAA---------------------T----------------------------------PT-------------L------------,---VGA--PR---------L-----------P------------------C-------------------------------------------------------------------------
4,5 CluSeq:0.02493_sd:0.06093,LYKVGAA-PR------------------------------------------------------------------------------------------------------------------,---------RS------MELDHMTTGGLH-----------------------------------------------------------------------------------------------,---VG---P----------------------------PAA---------------------T--------------------------------------------------------------
5,6 CluSeq:0.02484_sd:0.06068,LYKVGAAAP-----------DH-------------------------------------RR---------------------------------------------------------------,---------RSR----QMELDHMTTGG-------------------------------------------------------------------------------------------------,---VGA--P----------------------PA-------------------------------------------------------------------------------------------
6,7 CluSeq:0.02142_sd:0.03594,LYKVGAAAPRS--T-----------------PA-------------------------------------------------------------------------------------------,-------------T--------------------------------------------------------------------RSV--L---LDGY----D--R----------R----------,---VG----RS-----QMELDHMTTG--------------------------------------------------------------------------------------------------
7,8 CluSeq:0.01425_sd:0.03478,LYKVGAA--RSRSTDDQMELD-------------------------------------------------------------------------------------------------------,L---GAAAP--------------TT-----------------------------------------------------------------------------RW--S----------T------,---VGA------------------------------GP--------------------------------------------------------------------------------------
8,9 CluSeq:0.01181_sd:0.02835,LY------P----------------------------PAA---------------------T----------------------------------PT-------------L------------,----GA--PR---------L-----------P-P------------------------------------------------------------------------------------------,---V------------QMELDHMTTGGLHAYPAP------------------------------------------------------------------------------------------
9,10 CluSeq:0.01157_sd:0.02835,LYKVGAAAP-------QMELDHMTT---------------------------------------------------------------------------------------------------,-------------T--------------------------------------------------------------------RSV--L---L-----T----RW--S----------TI-----,---VGA--P-----------DH------------R-----------------------------------------------------------------------------------------
10,11 CluSeq:0.00967_sd:0.02361,LYKVGAAAPR-R--------------------------AA--------G------------T--------------------------------------------------------------,---------RSR-------L--------------R----------------------HVR-------TE------R--------------------P------------------QE-------,---VG----RS--T----------------------GP----------G----------RR----------------------------N----------------------------------
11,12 CluSeq:0.00845_sd:0.01505,LYKVGAAA--------QMELDHMTTG--------------------------------------------------------------------------------------------------,-------------T--------------------------------------------------------------------RSV--L---L-----T----RW--S----------TIA----,---VGA--P-----------DH-------------------------------------RR---------------------------------------------------------------
12,13 CluSeq:0.00749_sd:0.01835,LYKVGAAAP----------------------PA-------------------------------------------------------------------------------------------,-------------T--------------------------------------------------------------------RSV--L---LDGY----D--R----------R----------,-Y--------------QMELDHMTTG--------------------------------------------------------------------------------------------------
13,14 CluSeq:0.00738_sd:0.01802,LYKVGA------------------------------GP------------------------------------------------------D-------------------------------,---------RSRSTDDQMELDHMT----------------------------------------------------------------------------------------------------,---VGAAAP--------------TT-----------------------------------------------------------------------------RW--S----------TI-----
14,15 CluSeq:0.00721_sd:0.01767,LYKVGAAAP-----D-----DH------------R-----------------------------------------------------------------------------------------,---------RSR----QMELDHMTTG--------------------------------------------------------------------------------------------------,---VG----R--ST---------T-------PA-------------------------------------------------------------------------------------------
15,16 CluSeq:0.00695_sd:0.01701,LYKVGAAAP--------------TT-----------------------------------------------------------------------------RW--S----------TI-----,-------------T--------------------------------------------------------------------RSV--LE---DGY-----------------------------,---VG----RSRSTDDQMELDHM-----------------------------------------------------------------------------------------------------
16,17 CluSeq:0.00522_sd:0.01279,LYKVGAAAP-----D-----DH-------------------------------------RR---------------------------------------------------------------,---------RSR-----MELDHMTTGG-------------------------------------------------------------------------------------------------,---VG---P----------------------PA-------------------------------------------------------------------------------------------
17,18 CluSeq:0.00504_sd:0.01229,LYKVGAAAP-----------DH-------------------------------------RR-----------------------------------P---------------------------,---------RS-----QMELDHMTTGGL------------------------------------------------------------------------------------------------,---VG---P----------------------------PAA------------------------------------------------------------------------------------
18,19 CluSeq:0.00399_sd:0.00964,LYKVGAAAP------------------------PRGGPAAKPN---------------------------------------------------------------------------------,-------------T--------------------------------------------------------------------RSVG---N------P---------------------------,---VGAAA-R---T--Q---------------------------------C-------------------------------------------------------------------------
19,20 CluSeq:0.00387_sd:0.00941,LYKVGAA-P-----------DH-------------------------------------RR-----------------------------------P---------------------------,---------RS-----QMELDHMTTGGLH-----------------------------------------------------------------------------------------------,---VG---P----------------------------PAA---------------------T--------------------------------------------------------------
20,21 CluSeq:0.00322_sd:0.00788,LYKVGAAA-RS---------------GL-----------------------RA-----------------S-----------------------------------------------------,---------RSR-----------------------------------------------------------------LKG--RSV---------------S---------------------ER,--KV-AA---S-------E---------------------------------------------------------------------------------------------------------
21,22 CluSeq:0.00292_sd:0.00691,LYKVGAAAPR-----------------------------------------------HVR-------TE---Q---------------------------------------------------,-------------T--------------------------------------------------------------------RSV--L---L-----TG-S-R----------R----------,---VGAAA-----------------G--------------------------------------------------------------------------------------------------
22,23 CluSeq:0.00204_sd:0.00497,LYKVGAAAPR-----------------------------------------------HVR-------TE---Q---------------------------------------------------,-------------T--------------------------------------------------------------------RSV--L---L-----TG-S-R----------R----------,---VGAAA-----------------G--------------------------------------------------------------------------------------------------
23,24 CluSeq:0.00182_sd:0.00443,LYKVGAAAPR--ST-----------------P--------------------------------------------------------------------------------------------,-------------T--------------------------------------------------------------------RSVG-L------------------------------------,L-------P----------------GGLHA----------------------------------------------------------------------------------------------
24,25 CluSeq:0.00154_sd:0.00377,LYKVGAAAPR-R--D----------G---A------GP--------------------------------------------------------Y-----------------------------,---------RSRSTD--MELDHM-----------------------------------------------------------------------------------------------------,---VG-AAP----T----------------------------------------------------------------------------------------RW--S----------TI-----
25,26 CluSeq:0.00124_sd:0.00298,LYKVGAAA-----------------GGL-----------------------RA-----------------S------------------------------QR---------------------,-------------T--------------------------------------------------------------------RSV--L---L---V----S---------------------ER,---VGA----S-------E--------------------------------RAE-----R----------------------------------------------------------------
26,27 CluSeq:0.00069_sd:0.00168,LYK--AAA-R------------------------------------------------------------------------------------------------------------------,-------------T---------------------------------------------RR-------E-------------------------------------------------------,---V------------Q--------GG-------R--------------------------------------------------------------------------------------LER
27,28 CluSeq:0.00068_sd:0.00153,L-------------------------------------------------C--------------LL-E-------------------------------------------------------,-Y-------R---------------------------------------------------------------------------------------------------------------LER,---V------S-ST--------------------R-----------------------------------------------------------------------------------------
28,29 CluSeq:0.0005_sd:0.00104,LYK------R-R---------------------------------------RAE----------------------------------------------------------------------,-----AAA-R-R-------------------------------------------------------------------------------------------------------------LER,---V---APR--ST--------------------R-----------------------------------------------------------------------------------------
29,30 CluSeq:0.00036_sd:0.00026,LYKVGAAAP--------------TT-----------------------------------------------------------------------------RW--S----------TI-----,----GA--P-----------DH------------------------------------------------------------------------------------------------------,---VG----RSRSTDDQMELDHMT----------------------------------------------------------------------------------------------------
30,31 CluSeq:0.0003_sd:0.00033,LYKVGA-APRSRSTDDQME---------------------------------------------------------------------------------------------------------,L---GAAAP--------------TT-----------------------------------------------------------------------------RW--------------------,---VG----RS-----------------------------------------AE---H-RR-------------------------------DG------------------------------
31,32 CluSeq:0.0003_sd:9e-05,LYKVGA---R---------L-------------------------------RA---------HR------------------------------------------------------------,-------------T--------------------------------------------------------------------RSVGKLENNLDGYVPTG-------------------------,---VGA---R-------------TT----A-PA-------------------------------------------------------------------------------------------
32,33 CluSeq:0.00029_sd:0.00034,L-K--AAA---------------------A----------------------------------------------------------------------------------------------,L---GA--P----------L-----------P-------------LQ-------------------------------------------------P---------------------------,-------AP----------------------PAP----------------C------H------------------------------------------------------CRC---------
33,34 CluSeq:0.00022_sd:0.00045,LYK--AAA------------------GL---P---G-----------------E----------------------------------------------------------------------,-----AAAPR---------------------------------------------------------------------------------------------------------------LER,---V---AP------------------------PRG-----------------------RRT-R------------------------------------------------------------
34,35 CluSeq:0.00019_sd:0.00013,LYKVGA-AP-------Q----H-------------------------------------RR-------------------------------DG---------------A--------------,L--------RSRSTDDQMEL--------------------------------------------------------------------------------------------------------,---VGAAAP--------------TT-----------------------------------------------------------------------------RW--S-----------------
35,36 CluSeq:0.00011_sd:0.00024,LYKVGAAAPRS-------E---------------------------------------------------------------------------------------------------------,---------RSR-------L-----GGL-----------------------RA-----------------S-----------------------------------------------------,---VGAA---S-S-----E--------------------------------RA-----------------------------------------------------------------------
36,37 CluSeq:0.00011_sd:8e-05,LYKVGA-APRSRSTDDQME---------------------------------------------------------------------------------------------------------,L---GAAAP--------------TT-----------------------------------------------------------------------------RW--S-----------------,---VGA----------------------------------------------------------------------------------------------------------------------
37,38 CluSeq:0.0001_sd:0.00026,LYKVGAA--RSRSTDDQMELD-------------------------------------------------------------------------------------------------------,L---GAAAP--------------TT-----------------------------------------------------------------------------RW--S----------T------,---VGA------------------------------GP--------------------------------------------------------------------------------------
38,39 CluSeq:0.0001_sd:6e-05,LYKVGAAAPRSR-TDDQME---------------------------------------------------------------------------------------------------------,L---GAAAP--------------TT-----------------------------------------------------------------------------RW--------------------,---VGA--PR-----------H-------------------------------------RR-------------------------------DG------------------------------
39,40 CluSeq:9e-05_sd:0.00023,LYKVGAAAPR----------------------------AA-----------------------------VS-----------------------------------------------------,-------------T--------------------------------------------------------------------RSVG----------P----Q-------A--------------,L-------P----------------GGL------------------------------------------S---ER------------------------------------------------
40,41 CluSeq:5e-05_sd:0.00012,-------------------LDHMTTGGLHAYPAPRGGP--------------------------------------------------------------------------------------,-----AA-----ST-----L-------------PRG------------------------------------------------VG----------------R---------------------,-Y------PR---------L-----------PA--G--A-------------------------------------------------------------------------------------
41,42 CluSeq:4e-05_sd:3e-05,----------------QMELDHMTTGGLHAYPAPR-----------------------------------------------------------------------------------------,-----AA-----ST-----L-------------PRG----------------------------------------------------------------------------------------,----GA--PR---------L-----------PA--G----------------------------------------------------------------------------------------
42,43 CluSeq:4e-05_sd:0.0001,LYKVGAA--R-RSTDDQMEL-----G--------------------------------------------------------------------------------------------------,L---GAAAP--------------TT-----------------------------------------------------------------------------RW--S--A--------------,---VG-AAPR-R--D----------G---A------GP--------------------------------------------------------------------------------------
43,44 CluSeq:3e-05_sd:8e-05,LYKVGAAAP--------------TT-----------------------------------------------------------------------------RW--SI----------------,-------------T--------------------------------------------------------------------RSV--L----DGY-----------------------------,---VG----R-RSTDDQMEL-HM-----------------------------------------------------------------------------------------------------
44,45 CluSeq:3e-05_sd:8e-05,LYKVGAAAP--------------TT-----------------------------------------------------------------------------RW--S----------TI-----,-------------T--------------------------------------------------------------------RSV--L----DGY-----------------------------,---VG----R-RSTDDQMELDHM-----------------------------------------------------------------------------------------------------
45,46 CluSeq:3e-05_sd:7e-05,LYKVGAAAP-----------------GL-----------------------RA-----------------S-Q---------------------------------------------------,-------------T--------------------------------------------------------------------RSV--L---L---V----S---------------------ER,---VGAA---S-------E--------------------------------RAE----------------------------------------------------------------------
46,47 CluSeq:3e-05_sd:7e-05,LYKVGAAAPRS-------E---------------------------------------------------------------------------------------------------------,---------RSR-------L-----GGL-----------------------RA-----------------S-----------------------------------------------------,---VG----R---------------G---------------------------------------------------------SVG---------V----S---------------------ER
47,48 CluSeq:3e-05_sd:6e-05,LYKVGAAAP------------------------PRGG-AA-PN---------------------------------------------------------------------------------,-------------T--------------------------------------------------------------------RSVG------D---P---------------------------,---VGAA------------------GG-------R-------------------------------LT----Q------------------------------W--------------------
48,49 CluSeq:3e-05_sd:6e-05,LYKVGAAAP------------------------PRGGP---P------------------------------------------------------P---------------------------,----GA------------------------------GPAA----------------------HR------------------------------------------------------------,---VG-AAPR-R--------------------APR-------------------------------------------------------------PT--------------------------
49,50 CluSeq:2e-05_sd:6e-05,LYKVGAA--RSRSTDDQMEL-----G--------------------------------------------------------------------------------------------------,L---GAAAP--------------TT-----------------------------------------------------------------------------RW--S--A--------------,---VGA------------------------------GP--------------------------------------------------------------------------------------
50,51 CluSeq:2e-05_sd:6e-05,LYKVGA-AP-------Q----H-------------------------------------RR-------------------------------DG---------------A--------------,L--------RSRSTDDQMEL--------------------------------------------------------------------------------------------------------,---VGAAAP--------------TT-----------------------------------------------------------------------------RW--S-----------------
51,52 CluSeq:2e-05_sd:5e-05,LYKVGAAAP--------------TT-----------------------------------------------------------------------------RW--S----------TI-----,-------------T--------------------------------------------------------------------RSV--L---LDGY----D------------------------,---VG----RS---DDQMELDHMT----------------------------------------------------------------------------------------------------
52,53 CluSeq:2e-05_sd:3e-05,LYKVGAAAPRSR-TDDQME---------------------------------------------------------------------------------------------------------,L---GAAAP--------------TT-----------------------------------------------------------------------------RW--S-----------------,---VGA----------------------------------------------------------------------------------------------------------------------
53,54 CluSeq:2e-05_sd:1e-05,LYKVGAAAPRSRSTDDQME---------------------------------------------------------------------------------------------------------,-------------T--------------------------------------------------------------------RSVG--E-------PT----RW--------------------,---VG----RS-----------------------------------------AE---H-RR-------------------------------DG------------------------------
54,55 CluSeq:2e-05_sd:5e-05,LYKVGAAA-RSR-----------------A-PA-------------------------------------------------------------------------------------------,-------------T--------------------------------------------------------------------RSV--L---LDG----GD--R----------R----------,-Y---------------MEL--M-TG--------------------------------------------------------------------------------------------------
55,56 CluSeq:2e-05_sd:5e-05,LYKVGAAAPR----------------GL-----------------------RA-----------------S-Q---------------------------------------------------,-------------T--------------------------------------------------------------------RSV--L---L---V----S---------------------ER,---VGAA---S-------E--------------------------------RAE----------------------------------------------------------------------
56,57 CluSeq:2e-05_sd:4e-05,LYKVGAAA---------------------A-PA----------------------------T----------------------------------------RW--SI----------------,-------------T--------------------------------------------------------------------RSV--L----DGY-----------------------------,---VG----R-RST-DQMEL-HM-----------------------------------------------------------------------------------------------------
57,58 CluSeq:2e-05_sd:4e-05,LYKVGAA--RSRSTDDQMEL--------------------------------------------------------------------------------------------------------,L---GAAAP--------------TT-----------------------------------------------------------------------------RW--S-----------------,---VGA-------------------G--------------------------------------------------------------------------------------------------
58,59 CluSeq:2e-05_sd:4e-05,LYKVGAAAP--------------TT-----------------------------------------------------------------------------RW--S----------TI-----,-------------T--------------------------------------------------------------------RSV-------DGY----D------------------------,---VG----R-RSTDDQMELDHMT----------------------------------------------------------------------------------------------------
59,60 CluSeq:2e-05_sd:4e-05,LYKVGAA--R-RSTDDQMELD-------------------------------------------------------------------------------------------------------,L---GAAAP--------------TT-----------------------------------------------------------------------------RW--S----------T------,---VG-AAPR-R--D----------G---A------GP--------------------------------------------------------------------------------------
60,61 CluSeq:2e-05_sd:4e-05,LYKVGAA--RSRSTDDQMEL-----G--------------------------------------------------------------------------------------------------,L---GAAAP--------------TT-----------------------------------------------------------------------------RW--S--A--------------,---VGA------------------------------GP--------------------------------------------------------------------------------------
61,62 CluSeq:1e-05_sd:3e-05,LYK------R-R---------------------------------------RAE---------------VS-----------------------Y-P---------------------------,-----AAA-R-R-------------------------------------------------------------------------------------------------------------LER,LY--------S-----------------------------------------------------------------------------------------------------------------
62,63 CluSeq:1e-05_sd:2e-05,LYKVGAAAPR---------L----------------------------------------RT-R-------K----------------------------------------------------,-------------T--------------------------------------------------------------------RSV--L---L-----TG-S-----------------------,---VG----RS-----Q----------------------AK-N---------AE----------------------------------------------------------------------
63,64 CluSeq:1e-05_sd:3e-05,LYKVGAAA-R-R--------------------------AA--------G---------------------------------------------------------------------------,---------RSR-------L--------------R----------------------HVR-------TE------R--------------------P------------------QE-------,---VG----R--ST---------T------------GP----------G----------RR---------------------------------------------------------------
64,65 CluSeq:1e-05_sd:1e-05,LYKVGAAAPRSRSTDDQME---------------------------------------------------------------------------------------------------------,-------------T--------------------------------------------------------------------RSVG---------VPT----RW--------------------,---VG----RS-----------------------------------------AE---H-RR-------------------------------DG------------------------------
65,66 CluSeq:1e-05_sd:3e-05,LY-------RSRSTDDQMELDHMTTG--------------------------------------------------------------------------------------------------,----GAAAP--------------TT------PA-------------------------------------------------------------------------------------------,---VGA--P-----------DH-------------------------------------RR---------------------------------------------------------------
66,67 CluSeq:1e-05_sd:3e-05,LYKVGAAAPR-R--D----------G---A------GP--------------------------------------------------------------------------------------,---------RSRSTDDQMELDH------------------------------------------------------------------------------------------------------,---VG-AAP--------------TT-----------------------------------------------------------------------------RW--S----------TI-----
67,68 CluSeq:1e-05_sd:3e-05,LYKVGAAAP--------------TT-----------------------------------------------------------------------------RW--SI----------------,-------------T--------------------------------------------------------------------RSV--L----DGY-----------------------------,---VG----R-RSTDDQMEL-H----------------------I-------------------------------------------------------------------------------
68,69 CluSeq:1e-05_sd:3e-05,LYKVGAAAP-S-------E--------------------------------RAE----------------------------------------------------------------------,---------RSR-------L-----GGL-----------------------RA-----------------S------------------------------QR---------------------,L----AA---S-S-----E--------------------------------RA------RR-------E-------------------------------------------------------
69,70 CluSeq:1e-05_sd:3e-05,LYKVGAAAP----T----------------------------------------------------------------------------------------RW--S----------TI-----,-------------T--------------------------------------------------------------------RSV--LE---DGY----D------------------------,---VG----RSRSTD--MELDHM-----------------------------------------------------------------------------------------------------
70,71 CluSeq:1e-05_sd:2e-05,LYKVG----RSRSTD-----DH------------------------------------------------------------------------------------------------------,---VGAAA--------QMELDHMTT---------------------------------------------------------------------------------------------------,---VG----RS--T----------------------------------------------------------------------------------------RW--S----------TI-----
71,72 CluSeq:1e-05_sd:1e-05,LYKVGAA-P--------------TT-----------------------------------------------------------------------------RW--S----------TI-----,-------------T--------------------------------------------------------------------RSV-------DGY----D--R---------------------,---VG----R--STDDQMELDHMTT---------------------------------------------------------------------------------------------------
72,73 CluSeq:1e-05_sd:2e-05,LYKVGAA--R-RSTDDQMELD-------------------------------------------------------------------------------------------------------,L---GAAAP--------------TT-----------------------------------------------------------------------------RW--S----------T------,---VGA------------------------------GP--------------------------------------------------------------------------------------
73,74 CluSeq:1e-05_sd:2e-05,LYKVGAAAPR-R--D----------G---A------GP--------------------------------------------------------------------------------------,---------RSRSTDDQMELDH------------------------------------------------------------------------------------------------------,---VG-AAP--------------TT-----------------------------------------------------------------------------RW--S----------TI-----
74,75 CluSeq:1e-05_sd:2e-05,LYKVGAAAP----TD-----DH------------R-----------------------------------------------------------------------------------------,---------RSR-----MELDHMTTG--------------------------------------------------------------------------------------------------,---VG----RSRSTD--------T-------PA-------------------------------------------------------------------------------------------
75,76 CluSeq:1e-05_sd:1e-05,LYKVGAAAPRS-STDDQME---------------------------------------------------------------------------------------------------------,L---GAAAP--------------TT-----------------------------------------------------------------------------RW--------------------,---VGA------------EL-H-------------------------------------RR-------------------------------DG------------------------------
76,77 CluSeq:1e-05_sd:2e-05,LYKVGAA-------------------------APRGGPAAKPNV--------------------------------------------------------------------------------,-------------T--------------------------------------------------------------------RSVG---N------P---------------------------,---VG------------------------------------------------------------------------------------------------------------RCQ-T------
77,78 CluSeq:1e-05_sd:2e-05,LYKVGAAAP-----------DH-------------------------------------RR-----------------------------------P---------------------------,---------RSR------ELDHMTTGGL------------------------------------------------------------------------------------------------,---VG---P----------------------------PAA------------------------------------------------------------------------------------
78,79 CluSeq:1e-05_sd:2e-05,LYKVGAAAP-----------------GL-----------------------RA-----------------S-Q---------------------------------------------------,-------------T--------------------------------------------------------------------RSVG---------V----S---------------------ER,---VGAAA--S-------E--------------------------------RAE----------------------------------------------------------------------
79,80 CluSeq:1e-05_sd:1e-05,LYKVGAAA-RSR-TDDQMEL--------------------------------------------------------------------------------------------------------,L---GAAAP--------------TT-----------------------------------------------------------------------------RW--S-----------------,---VGA-------------------G--------------------------------------------------------------------------------------------------
80,81 CluSeq:1e-05_sd:2e-05,LYKVGAAAP--------------TT-----------------------------------------------------------------------------RW--------------------,---------RSR---------------------------------------RAE---H-RR-------------------------------DG------------------------------,---VG----RS-STDDQME---------------------------------------------------------------------------------------------------------
81,82 CluSeq:1e-05_sd:2e-05,LYKVGAAAP----TD----------G---A------GP------------------------------------------------------D-------------------------------,---------RSR-----MELDHMT----------------------------------------------------------------------------------------------------,---VG----RSRSTD----------G--------------------------------------------S--------------------------------W-------------TI-----
82,83 CluSeq:1e-05_sd:2e-05,LYKVGA---RSRSTDDQMELD-------------------------------------------------------------------------------------------------------,L---GAAAP--------------TT-----------------------------------------------------------------------------RW--S----------T------,---VGA------------------------------GP--------------------------------------------------------------------------------------
83,84 CluSeq:1e-05_sd:2e-05,LYKVGAA--RSRSTDDQMELD-------------------------------------------------------------------------------------------------------,L---GAAAP--------------TT-----------------------------------------------------------------------------RW--S----------T------,---VGA------------------------------GP--------------------------------------------------------------------------------------
84,85 CluSeq:1e-05_sd:1e-05,LYKVGAAAP----TD-----DH------------R-----------------------------------------------------------------------------------------,---------RSR-----MELDHMTTG--------------------------------------------------------------------------------------------------,---VG----R-RSTD--------T-------PA-------------------------------------------------------------------------------------------
85,86 CluSeq:1e-05_sd:2e-05,LYKVG-AAP-------Q----H-------------------------------------RR-------------------------------DG---------------A--------------,L--------RSRSTDDQMEL--------------------------------------------------------------------------------------------------------,-Y--GAAAP--------------TT-----------------------------------------------------------------------------RW--S-----------------
86,87 CluSeq:1e-05_sd:2e-05,----GA--PR------------------------------------------------------------------------------------------------------------------,-----------RSTDDQMELDHMTTGGLH-----------------------------------------------------------------------------------------------,------AAP--------------TT------P-----PAA---------------------T--------------------------------------------------------------
87,88 CluSeq:1e-05_sd:2e-05,LYKVGAAAPR-R-----------------A--AP------------------------------------------------------------------------------------------,---------RSR-------L--------------R----------------------HVRR-HR------------------------------------------------------------,---VG---P-SRST--------------------------------------------------------------------------------------------------------------
88,89 CluSeq:1e-05_sd:1e-05,LYKVGAAAPRS-------E--------------------------------RA-----------------------------------------------------------------------,---------RSR-------L-----GGL-----------------------RA-----------------S-Q---------------------------------------------------,---VGAA---S-S-----E--------------------------------RA------RR---------------------------------------------------------------
89,90 CluSeq:1e-05_sd:1e-05,LYKVGAAAPR---------------------P-PR--P------------C-------------------------------------------------------------------------,---------RSR-------L-----GGLHAYPA-------------------------------------------------------------------------------------------,---VG----R---------------G---------------------------------------------------------SVG----------PT-------------L------------
90,91 CluSeq:1e-05_sd:0.0,LY---------------------------------GGP---P-------KC---------------------------------------------P---------------------------,----G---P----------------------PA----------V--------------------------------------RSV----------------Q----------------------,-----------------------------------------------------EMLEHVRRTHRHLLTEVSK----------------------------------------------------
91,92 CluSeq:1e-05_sd:1e-05,LYKVGA--P-----------DH------------------------------------------------------------------------------------------------------,---------RSRSTD--MELDHMTT---------------------------------------------------------------------------------------------------,---VGAAAP----T----------------------------------------------------------------------------------------RW--S----------TI-----
92,93 CluSeq:1e-05_sd:1e-05,LYKVGAAAPRSR--------------------AP---P--------------------------------------------------------------------------------------,-------------T--------------------------------------------------------------------RSV--L---LDG----GD--R----------R----------,---VG----RS------MEL-----------------------V---------EM------T-----------------------------------------------A--------------
93,94 CluSeq:1e-05_sd:1e-05,LYKVG----RS----DQMELDHMT----------------------------------------------------------------------------------------------------,---VGAAAP----T----------------------------------------------------------------------------------------RW--S----------TI-----,---VG-----------------------------------------------------------------------------RSV--L---LDGY----D------------------------
94,95 CluSeq:1e-05_sd:1e-05,LYKVGAAA--S-------E--------------------------------RAE-----R----------------------------------------------------------------,-------------T--------------------------------------------------------------------RSVG-LE-----------SQR---------------------,---VG----R-R-------------------PA----------V-------RA------RR-------E----------G--------------------------------------------
95,96 CluSeq:0.0_sd:1e-05,LYKVGAAAPRS-------E--------------------------------RA-----------------------------------------------------------------------,---------RSR-------L-----GGL-----------------------RA-----------------S-Q---------------------------------------------------,---VGAA---S-S-----E--------------------------------RA------RR---------------------------------------------------------------
96,97 CluSeq:0.0_sd:1e-05,LYKVGAAAP--------------TT-----------------------------------------------------------------------------RW--------------------,-------------T--------------------------------------------------------------------RSV--LE---DG------------------------------,---VG----RSR-TDDQME---------------------------------------------------------------------------------------------------------
97,98 CluSeq:0.0_sd:1e-05,LYKVGAAAP---------E--------------PR----------------------H-RR-------------------------------DG---------------A--------------,L--------RSR-TDDQMEL--------------------------------------------------------------------------------------------------------,---VGAAAP--------------TT-----------------------------------------------------------------------------RW--S-----------------
98,99 CluSeq:0.0_sd:1e-05,LYKVGA-APR-------------------A------GP------------------------------------------------------D-------------------------------,L--------RSRST----ELDHMT----------------------------------------------------------------------------------------------------,---VGAAAP-S--------------------------------------------------------------------------------------------W-------------TI-----
99,100 CluSeq:0.0_sd:1e-05,LYKVGAAAPR---------------------P-PR--P------------C-------------------------------------------------------------------------,---------RSR-------L-----GGLHAYPA-------------------------------------------------------------------------------------------,---VGAA-----ST----------------------------------------------------------------------------------PT-------------L------------
100,101 CluSeq:0.0_sd:1e-05,LYKVGAAAP------------------------PRGGPAAKP----------------------------------------------------------------------------------,-------------T--------------------------------------------------------------------RSVG---N------P---------------------------,---VGAAA-R---T--------------------------------------------------------------------------------------------------------------
101,102 CluSeq:0.0_sd:1e-05,LYKVGAAA-RS-STDDQMEL--------------------------------------------------------------------------------------------------------,L---GAAAP--------------TT-----------------------------------------------------------------------------RW--S-----------------,L---GA-------------------G--------------------------------------------------------------------------------------------------
102,103 CluSeq:0.0_sd:1e-05,LYKVGAAAP-------Q----H-------------------------------------RR-------------------------------DG---------------A--------------,---------RSRSTDDQMEL--------------------------------------------------------------------------------------------------------,---VGAAAP--------------TT-----------------------------------------------------------------------------RW--S-----------------
103,104 CluSeq:0.0_sd:1e-05,LYKVGA--P--------------TT------PA-------------------------------------------------------------------------------------------,-------------T--------------------------------------------------------------------RSV-------DGY----D--R----------R----------,---VG----R---TDDQMELDHMTTG--------------------------------------------------------------------------------------------------
104,105 CluSeq:0.0_sd:1e-05,LYKVG--APRSRSTDDQMELD-------------------------------------------------------------------------------------------------------,L---GAAAP--------------TT-----------------------------------------------------------------------------RW--S----------T------,---VGA------------------------------GP--------------------------------------------------------------------------------------
105,106 CluSeq:0.0_sd:1e-05,LYKVGAAAP-------Q----H-------------------------------------RR-------------------------------DG---------------A--------------,L--------RSRSTDDQMEL--------------------------------------------------------------------------------------------------------,---VGAAAP--------------TT-----------------------------------------------------------------------------RW--S-----------------
106,107 CluSeq:0.0_sd:1e-05,LYKVGAAAPRSR--DDQME---------------------------------------------------------------------------------------------------------,L---GAAAP--------------TT-----------------------------------------------------------------------------RW--------------------,---VGA--PR-------------------------------------------------RR--R----------------------------DG------------------------------
107,108 CluSeq:0.0_sd:1e-05,LYK------R-R---------------------------------------RA-----VR-------------------------------------------------------------LER,-----AAA-RS-ST--------------------R-----------------------------------------------------------------------------------------,---V---AP------------------------PRG-----------------------------LL-E-------------------------------------------------------
108,109 CluSeq:0.0_sd:1e-05,LYKVGAAAPRS---------------------------------------------------------------ER------------------------------------------------,-------------T--------------------------------------------------------------------RSVG-L------------S---------------------ER,---VG----RSR-------------------PA----------V-------RA-----------------------------------------------------------------------
109,110 CluSeq:0.0_sd:1e-05,LYKVGAAA-RSR-TDDQMEL--------------------------------------------------------------------------------------------------------,L---GAAAP--------------TT-----------------------------------------------------------------------------RW--S-----------------,---VGA-------------------G--------------------------------------------------------------------------------------------------
110,111 CluSeq:0.0_sd:1e-05,LYKVGAAAP---------EL-H-------------------------------------RR-------------------------------DG---------------A--------------,---------RSRSTDDQMEL--------------------------------------------------------------------------------------------------------,---VGAAAP--------------TT-----------------------------------------------------------------------------RW--S-----------------
111,112 CluSeq:0.0_sd:1e-05,LYKVG-AAPRSRSTDDQME---------------------------------------------------------------------------------------------------------,L---GAAAP--------------TT-----------------------------------------------------------------------------RW--------------------,---VG----RS-----------------------------------------AE---H-RR-------------------------------DG------------------------------
112,113 CluSeq:0.0_sd:1e-05,LYKVGAAAPRS-----------------------------------------------------------------------------------------------------------------,-------------T--------------------------------------------------------------------RSV--L---L----------RW-------LC------A-L--,---VG----R---------------G---------------------------------------------------------SVG-L---L--------------------------------
113,114 CluSeq:0.0_sd:1e-05,LYKVGAAAPR-R--------------------------AA------------A-----------------------------------------------------------------------,---------RSR-------L--------------R-------N--------R-----HVR-------TE---Q---------------------------------------------------,---VG----RS-------------TG----------GP----------G----------RR---------------------------------------------------------------
114,115 CluSeq:0.0_sd:0.0,--------P----T---------------------------------------------RR----LL-E-------------------------------------------------------,--------PR-R-------------------------------------------------------------------------------------------------------------LER,----------S-ST--------------------R-----------------------------------------------------------------------------------------
115,116 CluSeq:0.0_sd:1e-05,LYKVGAA--RSRSTDDQMELD-------------------------------------------------------------------------------------------------------,L---GAAAP--------------TT-----------------------------------------------------------------------------RW--S----------T------,---VGA------------------------------GP--------------------------------------------------------------------------------------
116,117 CluSeq:0.0_sd:1e-05,LYKVGAAAP-------Q----H-------------------------------------RR-------------------------------DG---------------A--------------,---V----PRSRSTDDQMEL--------------------------------------------------------------------------------------------------------,---VGAAAP--------------TT-----------------------------------------------------------------------------RW--S-----------------
117,118 CluSeq:0.0_sd:1e-05,LYKV-A--PR-R-----MELDHMTT---------------------------------------------------------------------------------------------------,---------RSRSTD----------G--------------------------------------------S--------------------------------W-------------TI-----,---VGAAAP----TD-----DH------------R-----------------------------------------------------------------------------------------
118,119 CluSeq:0.0_sd:1e-05,LYKVG-AAP-------Q----H-------------------------------------RR-------------------------------DG---------------A--------------,L--------RSRSTDDQMEL--------------------------------------------------------------------------------------------------------,-Y--GAAAP--------------TT-----------------------------------------------------------------------------RW--S-----------------
119,120 CluSeq:0.0_sd:1e-05,LYKVGAAAPRS-------E---------------------------------------------------------------------------------------------------------,---V----PR-R-------------GGL-----------------------RA-----------------S-----------------------------------------------------,---VG----R------------------------RG-----------------------------------------------SVG---------V----S---------------------ER
120,121 CluSeq:0.0_sd:1e-05,LYKVGAAAP----T--QMELDHMT----------------------------------------------------------------------------------------------------,---------RSR---------H-------------------------------------RRT----------------------------------------RW--S----------TI-----,---VGA------------------------------GP------------------------------------------------------D-------------------------------
121,122 CluSeq:0.0_sd:1e-05,LYKVGA--PR---------L-----------P------------------C-------------------------------------------------------------------------,---------RS--------LDHMTTGGLHAYPA-------------------------------------------------------------------------------------------,---VG---P----------------------------PAA---------------------T----------------------------------PT-------------L------------
122,123 CluSeq:0.0_sd:0.0,LYKVGAAAPRS-STDDQME---------------------------------------------------------------------------------------------------------,L---GAAAP--------------TT-----------------------------------------------------------------------------RW--S-----------------,L---GA----------------------------------------------------------------------------------------------------------------------
123,124 CluSeq:0.0_sd:1e-05,LYKVG---P-----------DH-------------------------------------RR-----------------------------------P---------------------------,---------RSRST----ELDHMTTGGL------------------------------------------------------------------------------------------------,---VGAAAP-S--T-----------------P-----PAA------------------------------------------------------------------------------------
124,125 CluSeq:0.0_sd:0.0,LYKVGA---RSRSTDDQMELD-------------------------------------------------------------------------------------------------------,L---GAAAP--------------TT-----------------------------------------------------------------------------RW--S----------T------,---VGA------------------------------GP--------------------------------------------------------------------------------------
125,126 CluSeq:0.0_sd:0.0,LYKVGAAAP-----D----------G---A------GP------------------------------------------------------D-------------------------------,---------RS-----QMELDHMT----------------------------------------------------------------------------------------------------,---VG----RSRST---------T------------------------------------------------------------------------------RW--S----------TI-----
126,127 CluSeq:0.0_sd:0.0,LYKVGAA--RSRSTDDQMEL--------------------------------------------------------------------------------------------------------,L---GAAAP--------------TT-----------------------------------------------------------------------------RW--S-----------------,---VGA-------------------G--------------------------------------------------------------------------------------------------
127,128 CluSeq:0.0_sd:0.0,LYKVGA-------------------------------------V--------AE---H-RR-------------------------------DG----G-------------------------,L--------RSRSTDDQMELD-------------------------------------------------------------------------------------------------------,---VGAAAP--------------TT-----------------------------------------------------------------------------RW--S-----------------
128,129 CluSeq:0.0_sd:0.0,LYKVGAA--RS--------------G---------GGP---------------------------------------------------------------------------RC----A----,---------RS--------------GGL--------GPAA-P----------A------------------------------------------------QR---------------------,---VG-----------------------------RGG---------Q----RA--L--------------S-----------------------------------------------------
129,130 CluSeq:0.0_sd:0.0,LYKVGAAAP----T--QMELDHMT----------------------------------------------------------------------------------------------------,---------RSR---------H-------------------------------------RRT----------------------------------------RW--S----------TI-----,---VGA------------------------------GP------------------------------------------------------D-------------------------------
130,131 CluSeq:0.0_sd:0.0,LYK--AAA------------------GL-A---------------------------------------VS-----------------------------------------------------,-----AAAPR---------------------------------------------------------------------------------------------------------------LER,---V---AP------------------------PRG-----------------------RRT-R-----V------------------------------------------------------
131,132 CluSeq:0.0_sd:0.0,LYKVGAAAP---------E--H-------------------------------------RR-------------------------------DG---------------A--------------,L--------RSRSTDDQMEL--------------------------------------------------------------------------------------------------------,---VGA-AP--------------TT-----------------------------------------------------------------------------RW--S-----------------
132,133 CluSeq:0.0_sd:0.0,LYKVGAAAP---------E--------------PR----------------------H-RR-------------------------------DG---------------A--------------,L--------RSR-TDDQMEL--------------------------------------------------------------------------------------------------------,---VGAAAP--------------TT-----------------------------------------------------------------------------RW--S-----------------
133,134 CluSeq:0.0_sd:0.0,LYKVGA-APRSRSTDDQME---------------------------------------------------------------------------------------------------------,L---GAAAP--------------TT-----------------------------------------------------------------------------RW--------------------,---VG----RS-----------------------------------------AE---H-RR-------------------------------DG------------------------------
134,135 CluSeq:0.0_sd:0.0,LYKVGAAAPRS--------------G-------PR--P---P----------------------------------------------------------------------------------,----GA--P-----DD----------------------------------------------HR------------------------------------------------------------,---VGA---------DQ-E---MTT---------------------------------------------------------------------------------------------------
135,136 CluSeq:0.0_sd:0.0,LYKVGAAA-RSRSTDDQMEL--------------------------------------------------------------------------------------------------------,-------------T--------------------------------------------------------------------RSVG---------VPT----RW--S-----------------,---VGA-------------------G--------------------------------------------------------------------------------------------------
136,137 CluSeq:0.0_sd:0.0,LYKVGAAAPRS------------------A----------------------------------------------------------------------------------------------,-------------T--------------------------------------------------------------------RSV--L---L----P--------------LC------A-L--,L----A----------------------------------------------------------------------------RSV------------T--------------------------
137,138 CluSeq:0.0_sd:0.0,LYKVGA-APRS-------E---------------------------------------------------------------------------------------------------------,---------RSR-------------GGL-----------------------RA-----------------S-----------------------------------------------------,---VG----R---------------G---------------------------------------------------------SVG---------V----S---------------------ER
138,139 CluSeq:0.0_sd:0.0,LY------PR----D----------G--------------------------------------------------------------------------------------------------,LY-----------T-----L-------------------------------RAE-------T----------------------------------------------KA--------------,-Y-------R---------------------------------------------------------------------------------------------------------------LER
139,140 CluSeq:0.0_sd:0.0,LYKVGAAAPRSRSTDDQME---------------------------------------------------------------------------------------------------------,-------------T--------------------------------------------------------------------RSVG--E-------PT----RW--S-----------------,--K-GA----------------------------------------------------------------------------------------------------------------------
140,141 CluSeq:0.0_sd:0.0,LYKVGAAAPRS------------------A----------------------------------------------------------------------------------------------,---------RSR-------L-----GGL-----------------------RA------R----------------------------------------------------------------,---VG----R---------------G---------------------------------------------------------SVG---------V----S---------------------ER
141,142 CluSeq:0.0_sd:0.0,LYKVGAAA-RSR-TDDQMEL--------------------------------------------------------------------------------------------------------,L---GAAAP--------------TT-----------------------------------------------------------------------------RW--S-----------------,---VGA-------------------G--------------------------------------------------------------------------------------------------
142,143 CluSeq:0.0_sd:0.0,LYKVGAAAPRSRSTDDQME---------------------------------------------------------------------------------------------------------,-------------T--------------------------------------------------------------------RSVG---------VPT----RW--S-----------------,---VGA----------------------------------------------------------------------------------------------------------------------
143,144 CluSeq:0.0_sd:0.0,LYKVGAAA----------EL-H-------------------------------------RR-------------------------------DG----G-------------------------,---------RSRSTDDQMELD-------------------------------------------------------------------------------------------------------,---VGAAAP--------------TT-----------------------------------------------------------------------------RW--S-----------------
144,145 CluSeq:0.0_sd:0.0,LYKVGAAAP------------------------PRGGP---P------------------------------------------------------P---------------------------,----GA------------------------------GPAA----------------------HR------------------------------------------------------------,---VG-AAPR-R--------------------APR-------------------------------------------------------------PTG-------------------------
145,146 CluSeq:0.0_sd:0.0,LYKVGAAA--S-------E--------------------------------RAE-----R----------------------------------------------------------------,-------------T--------------------------------------------------------------------RSVG-LE-----------SQR---------------------,---VG----R-R-------------------PA----------V-------RA------RR-------E----------G--------------------------------------------
146,147 CluSeq:0.0_sd:0.0,LYKVGAAA--S-------E--------------------------------RAE-----R----------------------------------------------------------------,-------------T--------------------------------------------------------------------RSVG-LE-----------SQR---------------------,---VG----R-R-------------------PA----------V-------RA------RR-------E----------G--------------------------------------------
147,148 CluSeq:0.0_sd:0.0,LYKVGAAAPR-RST-------------------------------------------------------------------------------------------------------TI----R,-------------T--------------------------------------------------------------------RSV--L---L----------R------------QE--A---R,--K-----------D--------TT---------------------------------------------------------------------------------------------------
148,149 CluSeq:0.0_sd:0.0,LYK--AAA------------------GL-A-------------V------C-------------------------------------------------------------------------,-----AAAPR---------------------------------------------------------------------------------------------------------------LER,---V---AP------------------------PRG-----------------------RRT-R---------------G------------------------------CL------------
149,150 CluSeq:0.0_sd:0.0,LYKVGAAA-RS-STDDQMEL--------------------------------------------------------------------------------------------------------,L---GAAAP--------------TT-----------------------------------------------------------------------------RW--S-----------------,L---GA-------------------G--------------------------------------------------------------------------------------------------
150,151 CluSeq:0.0_sd:0.0,LYKVGAAAP--RST-----L-----------P-P------------------------------------------------------------------------------------------,L--VGA---R----D-----DH------------R-----------------------------------------------------------------------------------------,---VG----RS----------HMTT---------------------------------------------------------------------------------------------------
151,152 CluSeq:0.0_sd:0.0,LYKVGAAAPRS-----Q----H-------------------------------------RR-------------------------------DG---------------A--------------,L---GA------STDDQMEL--------------------------------------------------------------------------------------------------------,---VGA------------E------------PAP---------------------------T-----T----------------------------------RW--S-----------------
152,153 CluSeq:0.0_sd:0.0,LYKVGA-APRSRSTD----------G--------------------------------------------S--------------------------------W--------------------,L---GAAAP----TD----------GG-------------------------------------------------------------------------------------------------,---VGA--PR-R-----MEL--------------------------------------------------------------------------------------------------------
153,154 CluSeq:0.0_sd:0.0,LYKVGAA--RSRS--DQMEL-----G--------------------------------------------------------------------------------------------------,L---GAAAP---------------------------------------------------------------------------------------PT----RW--S--A--------------,---VGA------------------------------GP--------------------------------------------------------------------------------------
154,155 CluSeq:0.0_sd:0.0,LYKVGAAAP---------------TG----------GP----------G----------RR---------------------------------------------------------------,L----AAA-----------------G--------------------------------------------------------------------------------------------------,---VG----RSR---------------------------------------------HVR-------TE------R--------------------P------------------QE-------
155,156 CluSeq:0.0_sd:0.0,LYKVGAAAPR-R--D----------G---A------GP--------------------------------------------------------------------------------------,---------RSRSTD-QMELDH------------------------------------------------------------------------------------------------------,---VG-AAP----T---------------A------------------------------------------------------------------------RW--S----------TI-----
156,157 CluSeq:0.0_sd:0.0,LYKVGAA--R-RSTD-QMEL-----G--------------------------------------------------------------------------------------------------,L---GAAAP----T-------------------PR---A-------------------------------------------------------------------------------------,---VG-AAPR-R--D----------G---A------GP--------------------------------------------------------------------------------------
157,158 CluSeq:0.0_sd:0.0,LYKVGAAAP--------------TT-----------------------------------------------------------------------------RW--S----------TI-----,-------------T--------------------------------------------------------------------RSV--L----DGY-----------------------------,---VG----R-RSTDDQMELDH----------------------I-------------------------------------------------------------------------------
158,159 CluSeq:0.0_sd:0.0,LYKVGAAA---------------------A-PA----------------------------T----------------------------------------RW--S------R----------,-------------T--------------------------------------------------------------------RSV--L----DG--P--D------------------------,---VG----R-RST-DQMELD-M-----------------------------------------------------------------------------------------------------
159,160 CluSeq:0.0_sd:0.0,LYKVGAAA---------------------A-PA----------------------------T----------------------------------------RW--S----------TI-----,-------------T--------------------------------------------------------------------RSV--L----DGY-----------------------------,---VG----R-RST-DQMELDHM-----------------------------------------------------------------------------------------------------
160,161 CluSeq:0.0_sd:0.0,LYKVGAAAPR-R------------------------GPA-------------------------------------------------------------------------------------,-------------T--------------------------------------------------------------------RSV--L---LDG----GD--R----------R----------,L--V-----R--------------TG--------------------------------------------------------------------------------------------------
161,162 CluSeq:0.0_sd:0.0,LYKVGAAAP----------------G---A------GP---P------------------------------------------------------P---------------------------,L---G--APR------------------------------------------------------------------------------------------------------------------,---VG------------------------------------------------------------------------------------------------------------RC---I-----
162,163 CluSeq:0.0_sd:0.0,LYKVGAAAP----------------GG--A------GP---P------------------------------------------------------P---------------------------,L--VG--APR------------------------------------------------------------------------------------------------------------------,---VGA------------------------------------------------------------------------------------------------RW--SI----------------
163,164 CluSeq:0.0_sd:0.0,LY-----------TD----L-------------------------------RAE----------------------------------------------------------------------,-Y-------R---------------------------------------------------------------------------------------------------------------LER,LY------PR------------------------------------------------------------------------------------------------------------------
164,165 CluSeq:0.0_sd:0.0,LY--G----RS-----------------------------------------------------------------------------------------------------------------,----GA--P-----------DH-T-----A-------------------------LE-----------EV------------------------------------------------------,---V------------QMELDHMTTG-------------------------------------------------------------------------DSQRWKK------------------
165,166 CluSeq:0.0_sd:0.0,LYKVGAAAP-----D----------G---A------GP---P----------------------------------------------------------------------------------,---------RSR----QMEL-----G--------------------------------------HL-T-------R------------------------------------------------,---VG----RSRS----------------A-P-P------------------------------------------------------------------------------------------
166,167 CluSeq:0.0_sd:0.0,LYKVGAAA-RSR-------------G------------AA------------A-----------------------------------------------------------------------,-------------T--------------------------------------------------------------------RSVG---------VP----Q----------------------,L--------RSRS---------------------------------------------------------------------------------------------------------------
