,Seq_stats,Frame_corr:1|CLRSPKSLPVGGAQQSTLVTRGCEGAGP*GHPREGSE*ARKAGPAAGEGAGGLWRGAWAPPMGARAPRAAAHGPRAA*IAAGGGFGAELKRVLPQPQSLGLSSFSGDEPATLAKLLRHRTPATAAAAAGSAPFRLLPQRSS*PVNRRATMVS,Frame:0|VSPVPKIPPGGRRAAEHISHSGL*RGGSLRAPTGGERVGAEGGACGRRGRGRALARSLGAANGSQGSTSCRPRAPRSINSRWWRFRCRAQASSPAAAVSGPL*LQRRRACHTR*APPAPHTCHCRCSRRLCSLPASASEEFLAC*QARHHGEQ,Frame:2|VSGPQNPSRWEARSRAH*SLGAVKGRVLEGTHGRGASRRGRRGLRQERARAGSGAEPGRRQWEPGLHELPPTGPAQHK*PLVAVSVQSSSEFSRSRSLWASLASAATSLPHSLSSSGTAHLPLPLQPPALLPSGFCLRGVLSLLTGAPPW*A
0,1 CluSeq:0.84535499_sd:0.02831678,---------------------------------------------------------------------------------------------------------------------------------SA---------------------,------------------------------------------------------------------------------------------------------------------APP------------------------------------,----Q-------RS----S-------------------------------------------------------------------------------------------------------------------------------------
1,2 CluSeq:0.00885545_sd:0.0182917,--------------------------------------------------------------------------------------------------------------------------------------LLPQRSS*PV-RRATMVS,--------------------------------------------------------------------------------------------------------------------------------------ASASEEFLAC*-ARHHGEQ,--------------------------------------------------------------------------------------------------------------------------------------FCLRGVLSLL-GAPPW*A
2,3 CluSeq:0.00390835_sd:0.00952858,-------------------------------------------PA------------------------------------------------------------------------------------SA---------------------,------------------------------------------------------------------------------------------------------------------APP------------------------------------,---------------------------------------------------------------------------------------------------------------------------------LLP--------------------
3,4 CluSeq:0.01100947_sd:0.01238258,CLR---SL------------------------------------------------------------------------------------------------------------------------------------------------,------------------------------------------------------------------------------------------------------------------APP------------------------------------,------------------------------------------------------------------------------------------------------ASA-----------------------------------------------
4,5 CluSeq:0.00299393_sd:0.00654071,--------PVG---------------------------------------------------------AAA--P------------------------------------------------------------------------------,---------------------------------------------------------------------------------------------------------------------------------------------LAC---------,-------------------------------------RR-RR--------------------------------------------------------------------------------------------------------------
5,6 CluSeq:0.00172372_sd:0.00422181,-------------------------------------------PA------------------------------------------------------------------------------------SA---------------------,------------------------------------------------------------------------------------------------------------------APP------------------------------------,---------------------------------------------------------------------------------------------------------------------------------LLP--------------------
6,7 CluSeq:0.00051252_sd:0.00124563,--RS----------------------------------------------------------------------------------------------------------------------------------------------------,------------------------------------------------------------------------------------------------------------------APP------------------------------------,---------------AH*--------------------------------------------------------------------------------------------------------------------------------------
7,8 CluSeq:0.00046285_sd:0.00113374,-------------------------------------------PA------------------------------------------------------------------------------------SA---------------------,------------------------------------------------------------------------------------------------------------------APP------------------------------------,---------------------------------------------------------------------------------------------------------------------------------LLP--------------------
8,9 CluSeq:0.00031731_sd:0.00077042,------------A-------------------------ARK---------------------------------------------------------------------------------------------------------------,------------------------------------------------------------------------------------------------------------------APP------------------------------------,-----------------------------------------------------------------------------------------------RSL------------------------------------------------------
9,10 CluSeq:7.401e-05_sd:0.00013542,----------------TLVTR-C---------------------------------------------------------------------------------------------------------------------------------,----------------HISHS-L----------------------------------------------------------------------------------------------------------------------------------,----------------H*SLGA----------------------------------------------------------------------------------------------------------------------------------
10,11 CluSeq:0.00114362_sd:0.00270227,------------------------------------------------------------------------------------------------------------------------------------FRLLPQRSS*P---------,------------------------------------------------------------------------------------------------------------------------------------LPASASEEFLAC---------,------------------------------------------------------------------------------------------------------------------------------------SGFCLRGVLSL---------
11,12 CluSeq:0.00157912_sd:0.00384413,--------------------------------------------------------------------AAA-GP------------------------------------------------------------------------------,---------------------------SL-A----------------------LA-S------------------------------------------------------------------------------------------------,----------------------------------------------------------------------------------------------------------------LSSSG-----------------------------------
12,13 CluSeq:0.00140293_sd:0.00332217,------------------------------------------------------------------------------------------------------------------LLRH----------------------------------,------------------------------------------------------------------------------------------------------------------APP------------------------------------,-----------------------------------------------------------------------------------------------------LA--AT---------------------------------------------
13,14 CluSeq:2.34e-06_sd:5.74e-06,-------LPVG---------------------------------AA----------------------------------------------------------------------------------------------------------,-------PPGG--------------------------------------------------------------------SR------------------------------------------------------------------------,-------SRWE---------------------------------------------------------------------------------------------------------------------------------------------
14,15 CluSeq:0.00088093_sd:0.0021029,----------------------------------GSE-AR----------------------------------------------------------------------------------------------------------------,---------------------------------------------------------------------------------------------------------------------------------------------LAC---------,------------------SLGA----------------------------------------------------------------------------------------------------------------------------------
15,16 CluSeq:0.00037893_sd:0.00089241,----------------------------------------------------------------------------------------------------------------------------------APFRLLPQRSS*PV--------,----------------------------------------------------------------------------------------------------------------------------------CSLPASASEEFLAC---------,----------------------------------------------------------------------------------------------------------------------------------LPSGFCLRGVLSL---------
16,17 CluSeq:0.00049572_sd:0.00121005,-LRS------------T-----------------------------------------------------------------------------------------DE-A------------------------------------------,------------------------------------------------------------------------------------------------------------------APP------------------------------------,------------------------------------------------------------------------------------------------------------------------------------------------------*A
17,18 CluSeq:0.00049737_sd:0.0011897,----------------------------------------------------------APP-------------------------------------------------------------------------------------------,-----------RRA-------------------------------------------------------------------------------------------------------------------------------------------,--------------------------------------------------------------------------------LVA---------------------------------------------------------------------
18,19 CluSeq:2.84e-06_sd:2.92e-06,------------A------------A--------GS--------------------------------------------------------------------------------------------------------------------,-SP-------GRR--------------------------------------------------------------------------------------------------------------------------------------------,--------------------------------------------------------------------------------------------------------------------------------------------------APP---
19,20 CluSeq:1.17e-06_sd:2.87e-06,------------------------------------------------------------------------------------------------------------------------------------------------NRRATMVS,-------------------------------------------------------------------------------------------------------------------------------------------------QARHHGEQ,------------------------------------------------------------------------------------------------------------------------------------------------TGAPPW*A
20,21 CluSeq:0.00046678_sd:0.00111505,--------------------------------------------------------------------------------------------------------------------------------------------S*PVNRRATMVS,--------------------------------------------------------------------------------------------------------------------------------------------FLAC*QARHHGEQ,-----------------------------------------------------------------------------------------------------------------------------------------------LTGAPPW*A
21,22 CluSeq:0.00019181_sd:0.00046755,-LRS------------T-----------------------------------------------------------------------------------------DE-A------------------------------------------,------------------------------------------------------------------------------------------------------------------APP------------------------------------,------------------------------------------------------------------------------------------------------------------------------------------------------*A
22,23 CluSeq:5.2e-07_sd:1.28e-06,-L--PK------------------------------------------------------------------------------------------------------------------------------------RSS-P--RRATMVS,----------------------------------------------------------------------------------------------AAA-----*-----------------------------------EEF-A--QARHHGEQ,----------------------------------------------------------------------------------------------------------------------------------------LRGVL--LTGAPPW*A
23,24 CluSeq:5.2e-07_sd:1.28e-06,------------------------------------------------------------------------------------------------------------------------------------------------NRRATMVS,-------------------------------------------------------------------------------------------------------------------------------------------------QARHHGEQ,------------------------------------------------------------------------------------------------------------------------------------------------TGAPPW*A
24,25 CluSeq:0.00034129_sd:0.00083447,--------------------------------------------------------------------------------------------------------------------------------------------------RAT---,-----------------------------------------------------LARSL-----------------------------------------------------------------------------------------------,-----------------------------------------------------------------------------------------------RSL------------------------------------------------------
25,26 CluSeq:8.4e-07_sd:1.31e-06,------------------------------------------------------------------------------------------------------------------LLRH----------------------------------,------------------------------------------------------------------------------------------------------------------APP------------------------------------,-----------------------------------------------------------------------------------------------------LA--AT---------------------------------------------
26,27 CluSeq:1.25e-06_sd:2.12e-06,-----------------------------------------------------------------------------------------------------------------------TPATAAA--------------------------,-----------------------------------------------------------------------------------------------------------------------HTCHCR----------------------------,-----------------------------------------------------------------------------------------------------------------------HLPLP----------------------------
27,28 CluSeq:2.14e-06_sd:4.53e-06,CLR---SL------------------------------------------------------------------------------------------------------------------------------------------------,----------------------------------------------------------------------------------------------AAA--------------------------------------------------------,---------------------------------------------------------------------------------------------RSRS-------------------------------------------------------
28,29 CluSeq:0.00102416_sd:0.0025079,------------A---------------*G--R----------PA-----------------------------------------------------------------------------------------------------------,----------------------------------------------------ALARSL-----------------------------------------------------------------------------------------------,--------R--ARS-----L------------------------------------------------------------------------------------------------------------------------------------
29,30 CluSeq:5.7e-07_sd:6.7e-07,---------------------------P*GHPREGSE*AR----------------------------------------------------------------------------------------------------------------,----------------------------LRAPTGGERVGA-----------------------------------------------------------------------------------------------------------------,---------------------------LEGTHGRGASRR-----------------------------------------------------------------------------------------------------------------
30,31 CluSeq:0.00027339_sd:0.00065426,-------------------------------------------------------------------------------------------------------------------------------------------------RRATMVS,-------------------------------------------------------------------------------------------------------------------------------------------------QARHHGEQ,-------------------------------------------------------------------------------------------------------------------------------------------------GAPPW*A
31,32 CluSeq:5.8e-07_sd:6.8e-07,------------------------------------------------------------------------------------------------------------------------------------------------NRRATMVS,------------------------------------------------------------------------------------------------------------------------------------------------*QARHHGEQ,-----------------------------------------------------------------------------------------------------------------------------------------------LTGAPPW*A
32,33 CluSeq:6.1e-07_sd:9.5e-07,-L-S--SLPV----------------------------------------------------------------------------------------------------------------------------------------------,-S----------------------------AP-----V----------------------------------------------F-------------------------------------------------------F-AC*--------,-------------------L-------------------------------------------------------------------------------------------------------------LL---------------------
33,34 CluSeq:9.7e-07_sd:1.34e-06,-------------Q------------------------AR----------------------------------------------------------------------------------------------------------------,-S-----------------------------------------------------RS------------------------------------------------------------------------------------------------,------------------------------------------------------------------------------------------------------ASA-----------------------------------------------
34,35 CluSeq:7e-07_sd:8.3e-07,-------LP------S---------------------------------------------------------------------------------------------------------------------------SS*PV--------,---------------------------------------------------------------------------------------------------------------------------------------------LAC--A------,--------------------------------------------------------------------------------------------------------------------------------------------LSL---------
35,36 CluSeq:5.5e-07_sd:6.5e-07,--------------------------------------------------------------------------------------------------------------------------------------------S*P---------,-----------------------------------------------------LARS-GA---------------------------------------------------------------------------------------------,----------------------------------------------------------------------------------------------------------------------------------LPS-------------------
36,37 CluSeq:9.1e-07_sd:1.01e-06,--------------------------------------------------------------------------------------------LPQ---------------T-----R-----------------------S*PVN-------,-S----------------------------AP---E-V-------------------------------------------------------------------------------------------------------LAC*-A------,---P---------------------------------RRG----------------------------------------------------------------------------------------------------LSLLT-------
37,38 CluSeq:0.00151616_sd:0.00369712,-------------------------------------------PA------------------------------------------------------------------------------------SA---------------------,---------------------------SL----------------------------------------------------------------------------------------------------------------------------,---------------------------------------------------------------------------------------------------------------------------------LLP--------------------
38,39 CluSeq:1.91e-06_sd:2.75e-06,------------------------------------------------------------------------------------------------------------------------------------------------------VS,-----------------------------------------------------------------------------------------------------------------------------------SLP-------------------,---------------------------------------GRR--------------------------------------------------------------------------------------------------------------
39,40 CluSeq:0.0002132_sd:0.00036033,--------------------------------------------------------------------AAA---R------------------------------------------------------SA---------------------,------------------------------------------------------------------------------------------------------------------APP------------------------------------,--GP----------------------------------------------------------------------------------------------------------------------------------------------------
40,41 CluSeq:5.9e-07_sd:4.7e-07,-------------------------------------------PAA----------------------------------------------------------------------------------------------------------,------------------------------------------------------------------------------------------------------------------APP------------------------------------,--------------------------------------------------------------------LPP---------------------------------------------------------------------------------
41,42 CluSeq:6.5e-07_sd:8.3e-07,---------------------------------------------------------------------------------------------------------------------------------SAP--------------------,-------------------------------------------------------------------------------------------------------------------------------RRL-----------------------,---------------------------------------------------------------------PP---------------------------------------------------------------------------------
42,43 CluSeq:6.2e-07_sd:4.9e-07,--------------------------------------------------------------------------------------------------------------------------------------------S*----------,------------------------------------------------------------------------------------------------------------------APP------------------------------------,---PQ---R---RS----S-------------------------------------------------------------------------------------------------------------------------------------
43,44 CluSeq:8.2e-07_sd:1.64e-06,--RS------------T-----------*---------------------------------------------------------------------------------------------------------------------------,------------------------------------------------------------------------------------------------------------------APP------------------------------------,-S-----------------------------------------------------------------------PA-----------------------------AA------------A---------------------------------
44,45 CluSeq:6.5e-07_sd:8.3e-07,--------------------------------------------------------------------------------------------------------------------RH----------------------------------,------------------------------------------------------------------------------------------------------------------APP------------------------------------,----Q----------------------------------------------------------------------------------SS---------------------------------------------------------------
45,46 CluSeq:0.00012307_sd:0.00029428,-LR-P-----G-------------------------------------------------------------------------------------------------------------------------------------NRRATMVS,-------------------------------------------------------------------------------------------------------------------------------------------------QARHHGEQ,------------------------------------------------------------------------------------------------------------------------------------------------TGAPPW*A
46,47 CluSeq:0.00015514_sd:0.00037224,-LR-----------------------------------------------------------------------------------------------------------------------------------------------------,------------------------------------------------------ARSL-AA-G------------------------------------------------------------------------------------------,-----------ARS-AH*--------------------------------------------------------------------------------------------------------------------------------------
47,48 CluSeq:0.00022585_sd:0.00054257,------------------------------------------------------------------------------------------------------------------------------------------------NRRATMVS,-------------------------------------------------------------------------------------------------------------------------------------------------QARHHGEQ,------------------------------------------------------------------------------------------------------------------------------------------------TGAPPW*A
48,49 CluSeq:7.597e-05_sd:0.00018287,-------------------------------------------------------------------------------------------------------------------------------------------------RRATMVS,--------------------------------------------------------------------------------------------------------------------------------------------------ARHHGEQ,-------------------------------------------------------------------------------------------------------------------------------------------------GAPPW*A
49,50 CluSeq:3.559e-05_sd:8.53e-05,-LR----------------------------------------------------------------------------------------------------------------LR-----------------------------------,----------------------------------------------------------------------------------------------AAA--------------------------------------------------------,----Q-------RS----S-------------------------------------------------------------------------------------------------------------------------------------
50,51 CluSeq:0.00101091_sd:0.0023828,CLR-----------------------------------------------------------------------------------------------------------------------------------------------------,------------------------------------------------------------------------------------------------------------------APP------------------------------------,------------------------------------------------------------------------------------------------------ASA-----------------------------------------------
51,52 CluSeq:0.00094368_sd:0.00231153,-------------------------------------------------------------------------------------------------------------------------------------------------RRATMVS,--------------------------------------------------------------------------------------------------------------------------------------------------ARHHGEQ,-------------------------------------------------------------------------------------------------------------------------------------------------GAPPW*A
52,53 CluSeq:0.00091215_sd:0.00223431,--RS------------T-----------------------------------------------------------------------------------------DE-A------------------------------------------,------------------------------------------------------------------------------------------------------------------APP------------------------------------,--------------------------------------------------------------------------------------------------------------------------------------------------AP----
53,54 CluSeq:0.01090742_sd:0.01037007,--RS------------T-----------------------------------------------------------------------------------------DE-A------------------------------------------,------------------------------------------------------------------------------------------------------------------APP------------------------------------,--------------------------------------------------------------------------------------------------------------------------------------------------AP----
54,55 CluSeq:0.00271507_sd:0.00525847,-------------------------------------------PA------------------------------------------------------------------------------------SA---------------------,---------------------------SL-AP-------------------------------------------------------------------------------------------------------------------------,---------------------------------------------------------------------------------------------------------------------------------LLP--------------------
55,56 CluSeq:0.000285_sd:0.00068635,--------------------------------------------------------------------------------------------------------------------------------------------------RAT---,----------------------------------------------------ALARSL-----------------------------------------------------------------------------------------------,--------R--ARS-A--------GR------------------------------------------------------------------------------------------------------------------------------
56,57 CluSeq:0.00027018_sd:0.00063646,-------------------------------------------PA------------------------------------------------------------------------------------SA---------------------,------------------------------------------------------------------------------------------------------------------APP------------------------------------,---------------------------------------------------------------------------------------------------------------------------------LLP--------------------
57,58 CluSeq:6.054e-05_sd:0.00014313,-----------------------------------------------------------------------------------------------------------------------------------PF-----------NRRATMVS,------------------------------------------------------------------------------------------------------------------------------------------------*QARHHGEQ,----------------------------------------------------------------------------------------------------------------------------------------------LLTGAPPW*A
58,59 CluSeq:3.464e-05_sd:8.425e-05,---------------------------------------------------------------------------------------------PQPQ-------------------------------------------------------,------------------------------------------------------------------------------------------------------------------APP------------------------------------,-S-------------------------------------GRR--R-----------------------------------------------------------------------------------------------------------
59,60 CluSeq:2.724e-05_sd:6.673e-05,-LR-----------------------------------------------------------------------------------------------------------------------------------------------------,------------------------------------------------------ARSL-----------------------------------------------------------------------------------------------,------------RS-AH*--------------------------------------------------------------------------------------------------------------------------------------
60,61 CluSeq:0.00025555_sd:0.00055245,--RS----------------------------------------------------------------------------------------------------------------------------------------------------,----------------------------------------------------ALARSL-----------------------------------------------------------------------------------------------,--------R--ARS-----L------------------------------------------------------------------------------------------------------------------------------------
61,62 CluSeq:0.0003527_sd:0.0005908,--------------------------------------------------------------------AAA---R------------------------------------------------------SA---------------------,------------------------------------------------------------------------------------------------------------------APP------------------------------------,--GP----------------------------------------------------------------------------------------------------------------------------------------------------
62,63 CluSeq:1.799e-05_sd:4.407e-05,------------------------------------------------------------------------------------------------------------------LL------------------------------------,----------------------L---------------------C----------RSL-------------P---------------------------------------------------------------------------------,VS------------------------------------------------------------------------------------------------------------------------------------------------------
63,64 CluSeq:1.168e-05_sd:2.802e-05,------------------------------------------------------------------------------------------------------------------------------------------------NRRATMVS,-------------------------------------------------------------------------------------------------------------------------------------------------QARHHGEQ,------------------------------------------------------------------------------------------------------------------------------------------------TGAPPW*A
64,65 CluSeq:7.58e-06_sd:1.648e-05,------SL-V----------------------------------------------------------------------------------------------------------------------------------------------,----------------------L---------------------C----------RSL-------------P---------------------------------------------------------------------------------,------PS------------------------------------------------------------------------------------------------------------------------------------------------
65,66 CluSeq:7.34e-06_sd:1.211e-05,----P-----------T-------------------------------------------------------------------------------------------------------------------------------NRRATMVS,-------------------------------------------------------------------------------------------------------------------------------------------------QARHHGEQ,------------------------------------------------------------------------------------------------------------------------------------------------TGAPPW*A
66,67 CluSeq:8.52e-06_sd:1.131e-05,--RS------------T-----------------------------------------------------------------------------------------DE-A------------------------------------------,------------------------------------------------------------------------------------------------------------------APP------------------------------------,-S-----------------------------------------------------------------------PA-----------------------------AA------------A---------------------------------
67,68 CluSeq:2.57e-06_sd:6.3e-06,CLRSPK--------------------------------------------------------------------------------------------------------------------------------------------------,VSPVPK---------------------------------------------------------------------------------------------------------------------------------------------------,VSGPQN---WE---------------------------------------------------------------------------------------------------------------------------------------------
68,69 CluSeq:4.92e-06_sd:4.94e-06,--RS------------T-----------------------------------------------------------------------------------------DE-A------------------------------------------,------------------------------------------------------------------------------------------------------------------APP------------------------------------,--------------------------------------------------------------------LP--G-------------------------------------------------------------------------------
69,70 CluSeq:2.54e-06_sd:5.82e-06,------SL--G--QQ-----------------------------------------------------------------------------------------------------------------------------------------,------------RA------------------TG-----------------------------------------------------------------------------------------------------------------------,-----------------------------------------------------------------------------------------------RSL------------------------------------------------------
70,71 CluSeq:2.06e-06_sd:5.04e-06,------------------------------------------------------------------------------------------------------------------------------------FRLLPQRSS*PV--------,------------------------------------------------------------------------------------------------------------------------------------LPASASEEFLAC---------,------------------------------------------------------------------------------------------------------------------------------------SGFCLRGVLSLL--------
71,72 CluSeq:2.26e-06_sd:4.96e-06,-LR----------------------------------------------------------------------------------------------------------------LR-----------------------------------,------------RA-------------------------------------------LGAA--------------------------------------------------------------------------------------------,---------------------------------------------------------------------------------------------------------AT---------------------------------------------
72,73 CluSeq:2.06e-06_sd:5.04e-06,----------------------------------------------------------APP-------------------------------------------------------------------------------------------,-----------RRA-------------------------------------------------------------------------------------------------------------------------------------------,---------------------------------------------------------------------------------------------RSRS-------------------------------------------------------
73,74 CluSeq:5.89e-06_sd:4.57e-06,CLR---SL------------------------------------------------------------------------------------------------------------------------------------------------,----------------------------------------------------------------------------------------------AAA--------------------------------------------------------,--------------------------------------------------------------------------------------------SRS---------------------------------------------------------
74,75 CluSeq:8.6e-07_sd:2.1e-06,--RS------------------------------------------------------------------------------------------------------------------------------------------------TMVS,----------------------------------------------------------------------------------------------------------------------------------------------------HHGEQ,--------------------------------------------------------------------------------------------------------AA------------------------------------------PW*A
75,76 CluSeq:1.15e-06_sd:7.1e-07,--R-------GG--------------------------------------------------------------------------------------------------------------------------------------------,-------------------------------------------------------------------------------------------------------------------------------RRL-----------------------,----Q-------RS----S-------------------------------------------------------------------------------------------------------------------------------------
76,77 CluSeq:7.5e-07_sd:1.17e-06,--------------------------------------------------------------------------------------------------------------------RH----------------------------------,------------------------------------------------------------------------------------------------------------------APP------------------------------------,---PQ---R------------------------------------------------------------------------------SS---------------------------------------------------------------
77,78 CluSeq:6.9e-07_sd:1.07e-06,--------------------------------------------------------------------------------------------------------------------RH----------------------------------,------------------------------------------------------------------------------------------------------------------APP------------------------------------,-S-P-N-------------------------------RR-----------------------------------------------------------------------------------------------------------------
78,79 CluSeq:6.2e-07_sd:7.2e-07,------------------------------------------------------------------------------------------------------------------------------------------------------VS,------------------------------------------------------------------------------------------------------------------APP------------------------------------,--------------------------------------------------------------------------------------------SRS---------------------------------------------------------
79,80 CluSeq:7.3e-07_sd:1.35e-06,-LR----L------------------------------------------------------------------------------------------------------------------------------------------------,-SPV----------------------------TG--------------------------------------------------------------------------------APP------------------------------------,---------------------------------------------------------------------------------------------------------------------------------------------SLL--------
80,81 CluSeq:6.6e-07_sd:8.3e-07,-LR----L------------------------------------------------------------------------------------------------------------------------------------------------,-SPV----------------------------TG--------------------------------------------------------------------------------APP------------------------------------,------------------------------------------------------------------------------------------------------------------------------PPA-LPS-FC-R--------------
81,82 CluSeq:6.9e-07_sd:5.5e-07,---S-----------------------------------------------GL---------------------------------------------------------------------------------------------------,---------------------------SLRAP-------------------------------------------------------------------------------------------------------------------------,-S-P-N-------------------------------RR-----------------------------------------------------------------------------------------------------------------
82,83 CluSeq:8.4e-07_sd:4.3e-07,--------------------------------------------------------------------------------------------------------------------RH----------------------------------,------------------------------------------------------------------------------------------------------------------APP------------------------------------,------------------------------------------------------------------------------------------------------------LPH-----------------------------------------
83,84 CluSeq:5.9e-07_sd:1.03e-06,-L----SL----------------------------------------------------------------------------F-------------------------------------------------------------------,------------------------------------------------------------------------------------------------------------------------------------LP-S-S---------------,------------------------------------------------------------------------------------------------------------------------------------------------------*A
84,85 CluSeq:0.0017516_sd:0.00428176,--------------------------------------------------------------------------------------------------------------------------------------------S*PVNRRATMVS,-------------------------------------------------------------------------------------------------------------------------------------------------QARHHGEQ,------------------------------------------------------------------------------------------------------------------------------------------------TGAPPW*A
85,86 CluSeq:0.00156683_sd:0.00383793,CLR---SL------------------------------------------------------------------------------------------------------------------------------------------------,------------------------------------------------------------------------------------------------------------------APP------------------------------------,-----------------------------------------------------------------------------------------SEF------------------------------------------------------------
86,87 CluSeq:0.00102522_sd:0.00249244,--RS----------------------------------------------------------------------------------------------------------------------------------------------------,------------------------------------------------------------------------------------------------------------------APP------------------------------------,-----------------------------------------------------------------------------------------------RSL------------------------------------------------------
87,88 CluSeq:0.00050796_sd:0.00123323,--RS----------------------------------------------------------------------------------------------------------------------------------------------------,------------------------------------------------------------------------------------------------------------------APP------------------------------------,-----------------------------------------------------------------------------------------------RSL------------------------------------------------------
88,89 CluSeq:1.02e-06_sd:2.5e-06,--------------------------------------------------------------------AAA--P-----------GA------P----------------------------------------------------------,--------------------------GS----------------------GRA----------------------------------------------------------------------------------------------------,-----------------------------------------------RAR------------------------------------------------------------------------------------------------------
89,90 CluSeq:9.25e-06_sd:1.995e-05,---------------------------------------------------------------------------------------------------------------------------------SA---------------------,------------------------------------------------------------------------------------------------------------------APP------------------------------------,-------------------------------------------------------------------------------PLV----------------------------------------------------------------------
90,91 CluSeq:0.00103024_sd:0.00251819,------SL-VG-AQQ-----------------------------------------------------------------------------------------------------------------------------------------,-----------RR-------------------------------C--------------------GST-------------------------------G--------------APP------------------------------------,--------------------------VL-----R---------L------------------------------------------------------------------------------------------------------------
91,92 CluSeq:0.00124655_sd:0.00304699,--------------------------------------------------------------------------------------------------------------------------------------------S*PV-RR-----,--------------------------------------------------------------------------------------------------------------------------------------------FLAC---------,--------------------------------------------------------------------------------------------------------------------------------------------LSL--GA-----
92,93 CluSeq:7.8e-07_sd:1.47e-06,--------------------------------------------------------------------------------------------------------------------RH----------------------------------,------------------------------------------------------------------------------------------------------------------APP------------------------------------,-S-P-N-------------------------------RR-----------------------------------------------------------------------------------------------------------------
93,94 CluSeq:0.00109878_sd:0.00268502,-LR--------GA-------------------------------------------------------------------------------------------------------------------------------------------,-----------RRA-------------------------------------------------------------------------------------------------------------------------------------------,----Q------AR-------------------------------------------------------------------------------------------------------------------------------------------
94,95 CluSeq:0.00106893_sd:0.00261489,-------------------------------------------------------------------------------------------------------------------------------------------SS*PVNRRATMVS,-------------------------------------------------------------------------------------------------------------------------------------------EFLAC-QARHHGEQ,-------------------------------------------------------------------------------------------------------------------------------------------VLSL-TGAPPW*A
95,96 CluSeq:6.8e-07_sd:7.8e-07,----P---P----------------------------*AR-A--------------------------------------------------------------------------------------------------------------,-----------RRA-------------------------------------------------------------------------------------------------------------------------------------------,------------------------------------------------------------------------------------------------------ASA-----------------------------------------------
96,97 CluSeq:0.00031884_sd:0.00077875,------SLP-----------------------------------------------------------------------------------------------------------------------------------------------,-------------------------------------------------------------------------------------------------------------------PPA-----------------------------------,---------------------------------------------------------------------------------------------------------------------------------LLP--------------------
97,98 CluSeq:0.00264646_sd:0.00646375,-----------------------------------------------------------------------------------------------------------------------------------------------VNRRATMVS,------------------------------------------------------------------------------------------------------------------------------------------------*QARHHGEQ,-----------------------------------------------------------------------------------------------------------------------------------------------LTGAPPW*A
98,99 CluSeq:0.00152911_sd:0.00373184,-----------------------------------------------------------------------------------------------------------------------------------------------------MVS,-----------------------------------------------------------------------------------------------------------------------------------------------------HGEQ,----------------------------------------------------------------------------------------------------------------------------------------------------PW*A
99,100 CluSeq:0.00132111_sd:0.00323603,CLR---SL------------------------------------------------------------------------------------------------------------------------------------------------,------------------------------------------------------------------------------------------------------------------APP------------------------------------,------------------------------------------------------------------------------------------------------ASA-----------------------------------------------
100,101 CluSeq:0.00043148_sd:0.0010564,------------A---------------*G--R-----A-----------------------------------------------------------------------------------------------------------------,----------------------------------------------------ALARSL-----------------------------------------------------------------------------------------------,--------R--ARS-----L------------------------------------------------------------------------------------------------------------------------------------
101,102 CluSeq:0.00035621_sd:0.00087212,--RS----------------------------------------------------------------------------------------------------------------------------------------------------,------------------------------------------------------------------------------------------------------------------APP------------------------------------,---------------AH*--------------------------------------------------------------------------------------------------------------------------------------
102,103 CluSeq:8.155e-05_sd:0.00019975,-----------------------------------------------------------------------------------------------------------------KLL------------------------------------,------------------------------------------------------ARSL-----------------------------------------------------------------------------------------------,-------------------------------------------------------------------------------------------------------------------------PLPL---------------------------
103,104 CluSeq:5.571e-05_sd:0.00013604,------------------------------------------------------------------------------------------------------------------------------------------------NRRATMVS,-------------------------------------------------------------------------------------------------------------------------------------------------QARHHGEQ,------------------------------------------------------------------------------------------------------------------------------------------------TGAPPW*A
104,105 CluSeq:2.538e-05_sd:6.217e-05,----------------------------------------------------------------RA-R------------------------------------------------------------------------------------,------------------------------------------------------------------------------------------------------------------APP------------------------------------,---------------------------------------------------GSG--------------------------------------------------------------------------------------------------
105,106 CluSeq:1.006e-05_sd:2.465e-05,----------------TLVTR-C-----------GS------G---------------APP-------------------------------------------------------------------------------------------,----------------HISHS-L----------------------------------------------------------------------------------------------------------------------------------,----------------H*SLGA----------------------------------------------------------------------------------------------------------------------------------
106,107 CluSeq:8.26e-06_sd:2.023e-05,------------------------------------------------------------------------------------------------------------------------------------------------NRRATMVS,------------------------------------------------------------------------------------------------------------------------------------------------*QARHHGEQ,-----------------------------------------------------------------------------------------------------------------------------------------------LTGAPPW*A
107,108 CluSeq:0.00111459_sd:0.00272842,-LRS-----------ST-----------------------------------------------------------------------------------------DE-A------------------------------------------,------------------------------------------------------------------------------------------------------------------APP------------------------------------,--------------------------------------------------------------------------------------------------------------------------------------------------AP----
108,109 CluSeq:9.7e-07_sd:1.51e-06,---------------------------------------------------------------------------------------------------------------------------------------------*PV--------,---------------------------------------------------------------------------------------------------------------------------------------------LAC---------,-------------------L-------------------------------------------------------------------------------------------------------------------C---------GAP----
109,110 CluSeq:6.5e-07_sd:1e-06,--RSP---------------------------------------------------------------------------------------------------------------------------------------------------,------------------------------------------------------------------------------------------------------------------APP------------------------------------,--------------------------------------------------------------------------------------------------------------------------------------------------APP---
110,111 CluSeq:6.5e-07_sd:1e-06,--RSP---------------------------------------------------------------------------------------------------------------------------------------------------,------------------------------------------------------------------------------------------------------------------APP------------------------------------,-------------------L-------------------------------------------------------------------------------------------------------------------C---------GAP----
111,112 CluSeq:1.361e-05_sd:3.247e-05,--RS-----------ST---------------------------------------------------------------------------------------------------------------------------------------,------------------------------------------------------------------------------------------------------------------APP------------------------------------,-------------------LGA----------------------------------------------------------------------------------------------------------------------------------
112,113 CluSeq:6.5e-07_sd:1e-06,--RSP---------------------------------------------------------------------------------------------------------------------------------------------------,------------------------------------------------------------------------------------------------------------------APP------------------------------------,-------------------L-------------------------------------------------------------------------------------------------------------------C---------GAP----
113,114 CluSeq:0.00045695_sd:0.00111734,-------------------------------------------------------------------------------------------------------------------------------------------------RRATMVS,-------------------------------------------------------------------------------------------------------------------------------------------------QARHHGEQ,-S---------ARS-----------------------------------------------------------------------------------------------------------------------------------GAPPW*A
114,115 CluSeq:0.00029554_sd:0.00072145,---------------------------------------------------------------------------------------EL--------------------AT-----------------------------------------,------------------------------------------------------ARS-GA---------------------------------------------------------------------------------------------,-------------------------------------------------------------------------------------------------------------------------PLPL---------------------------
115,116 CluSeq:0.0051364_sd:0.01258157,CLR---SL------------------------------------------------------------------------------------------------------------------------------------------------,------------------------------------------------------------------------------------------------------------------APP------------------------------------,-----------------------------------------------------------------------------------------SEF------------------------------------------------------------
116,117 CluSeq:0.00023873_sd:0.00058477,-LRS-----------ST-----------------------------------------------------------------------------------------DE-A------------------------------------------,------------------------------------------------------------------------------------------------------------------APP------------------------------------,--------------------------------------------------------------------------------------------------------------------------------------------------AP----
117,118 CluSeq:5.6e-07_sd:1.37e-06,--------------------------------------------------------------------------------------------------------------------RH----------------------------------,----------------------L---------------------C----------RSL-------------P-------------------------VS------------------------------------------------------,VS------------------------------------------------------------------------------------------------------------------------------------------------------
118,119 CluSeq:5.6e-07_sd:1.37e-06,-------------Q------------------------AR----------------------------------------------------------------------------------------------------------------,----------------------L-----------------------------------------------------------------------------PL*-----------------------S--------------------------,------------------------------------------------------------------------------------------------------ASA-----------------------------------------------
119,120 CluSeq:5.6e-07_sd:1.37e-06,------------------------------------------------------------------------------------------------------------------------------------------------NRRATMVS,-------------------------------------------------------------------------------------------------------------------------------------------------QARHHGEQ,------------------------------------------------------------------------------------------------------------------------------------------------TGAPPW*A
120,121 CluSeq:7.7e-07_sd:1.2e-06,------------------------------------------------------------------------------------------------------------------------------------FRLLPQRSS*PVNRRATMVS,------------------------------------------------------------------------------------------------------------------------------------LPASASEEFLAC*QARHHGEQ,------------------------------------------------------------------------------------------------------------------------------------SGFCLRGVLSLLTGAPPW*A
121,122 CluSeq:0.00054797_sd:0.00134143,------------A---------------*G-P--G--*A-----------------------------------------------------------------------------------------------------------------,-----------------------------------------------------LARSL-----------------------------------------------------------------------------------------------,----------EA------------------------------------ARA-----------------------------------------------------------------------------------------------------
122,123 CluSeq:0.00199022_sd:0.00487503,--------------------------------------------------------------------------------------------------------------------------------------LLPQRSS*PV--RATMVS,--------------------------------------------------------------------------------------------------------------------------------------ASASEEFLAC--ARHHGEQ,--------------------------------------------------------------------------------------------------------------------------------------FCLRGVLSL--GAPPW*A
123,124 CluSeq:0.00140432_sd:0.00343988,--------------------------------------------------------------------------------------------------------------------------------------LLPQRSS*P--RRATMVS,--------------------------------------------------------------------------------------------------------------------------------------ASASEEFLA-*QARHHGEQ,--------------------------------------------------------------------------------------------------------------------------------------FCLRGVLS-LTGAPPW*A
124,125 CluSeq:0.00129143_sd:0.00316335,--------------------------------------------------------------------------------------------------------------------------------------LLPQRSS*PV-RRATMVS,--------------------------------------------------------------------------------------------------------------------------------------ASASEEFLAC--ARHHGEQ,--------------------------------------------------------------------------------------------------------------------------------------FCLRGVLSL--GAPPW*A
125,126 CluSeq:0.00071314_sd:0.00174683,-------------------------------------------PA------------------------------------------------------------------------------------SA---------------------,---------------------------SL-AP-------------------------------------------------------------------------------------------------------------------------,---------------------------------------------------------------------------------------------------------------------------------LLP--------------------
126,127 CluSeq:0.00026123_sd:0.00063987,-------------------------------------------------------------------------------------------------------------------------------------------------RR-----,------------------------------APTG-----------------------------------------------------------------------------------------------------------------------,--------------------------------------------------------------------------------------------SRSRS-------------------------------------------------------
127,128 CluSeq:7.762e-05_sd:0.00019014,-------------------------------------------------------------------------------------------------------------------------------------------------RR-----,------------------------------APTG-----------------------------------------------------------------------------------------------------------------------,--------------------------------------------------------------------------------------------SRSRS-------------------------------------------------------
128,129 CluSeq:1.884e-05_sd:4.616e-05,-------------------------------PR---------------------------------------------------------------------------------------------------------------NRRATMVS,------------------------------------------------------------------------------------------------------------------------------------------------*QARHHGEQ,--------------------------------------------------------------------------------LV--------------------------------------------------------------TGAPPW*A
129,130 CluSeq:1.798e-05_sd:4.404e-05,--RS-----------ST---------------------------------------------------------------------------------------------------------------------------------------,------------------------------------------------------------------------------------------------------------------APP------------------------------------,-------------------LGA----------------------------------------------------------------------------------------------------------------------------------
130,131 CluSeq:3.8e-06_sd:9.32e-06,-----------------------------------------------------------------------------------------------------------------------TP-------------------------------,------------------------------------------------------------------------------------------------------------------APP------------------------------------,---P-------------------K---------------------------------------------------------VA---------------------------------------------------------------------
131,132 CluSeq:2.77e-06_sd:6.78e-06,---S----------------------------------------AA---------------------------------------------------S------------------------------------------------------,--------------------------------------------------------SLG----------------------------------------------------------------------------------------------,VSGP----------------------------------------------------------------------------------------------------------------------------------------------------
132,133 CluSeq:6.9e-07_sd:1.69e-06,---S--------A-----------------------------------------------------------------------------------------SF------------------------------------------------,------------------------------------------------------------------------------------------------------------------APP------------------------------------,------------------------------------------------------------------------------------------------------------LPH-----------------------------------------
133,134 CluSeq:6.9e-07_sd:1.69e-06,--------------------------------------------------------------------------------------------------------------------RH----------------------------------,-----------------------------------------------------------------------------------------------------------------------------------SLP-------------------,VS------------------------------------------------------------------------------------------------------------------------------------------------------
134,135 CluSeq:6.9e-07_sd:1.69e-06,---------------------------------------------------------------------------------------------------------------------------------------------*PV--------,---------------------------------------------------------------------------------------------------------------------------------------------LAC---------,-------------------L-------------------------------------------------------------------------------------------------------------------C---------GAP----
