,Seq_stats,Frame_corr_0|LYKPN-VRSRSTDDQMELDHMTTGGLHAYPAPRGGPAAKPNVILQIGKCRA,Frame_1|LYKPN-VRSRSTDDQMELDHMTTGGLHAYPAPRGGPAAKPNVILQIGKCRA,Frame_2|LYKPN-VRSRSTDDQMELDHMTTGGLHAYPAPRGGPAAKPNVILQIGKCRA
0,1 CluSeq:0.24432_sd:0.05265,LYKPN--R-R--D----------G---A------GP---------------,------VRSRSTDDQMELDH-------------------------------,---P-----------------TT---------R---------I--------
1,2 CluSeq:0.16176_sd:0.06664,LYKPN--R-------------TT---------R------------------,--------SR------------TGG--A------GP---------------,------VRSRSTDDQMELDH-------------------------------
2,3 CluSeq:0.14877_sd:0.01353,LYKPN--R-R--D----------G---A------GP---------------,------VRSRSTDDQMELDH-------------------------------,------V-------Q-EL---TT---------R---------I--------
3,4 CluSeq:0.11037_sd:0.01397,LYKPN----------M-----TT---------R------------------,--------SRS-D----------G---A------GP---------------,------VRSRSTDDQMELDH-------------------------------
4,5 CluSeq:0.06776_sd:0.01712,LYKPN-VRSRSTDDQMELDH-------------------------------,--------SR-T---------TT---------R---------I--------,------VRSR--D----------G---A------GP---------------
5,6 CluSeq:0.05482_sd:0.04748,LYKPN------------L---TT---------R------------------,--------SRS-D----------G---A------GP---------------,---P--VRSRSTDDQMELDH-------------------------------
6,7 CluSeq:0.04528_sd:0.07842,LYK----RSRSTDDQMELDHMTT----------------------------,---P-----------------TT------P-P-------------------,-Y----------------DH------------R------------------
7,8 CluSeq:0.0375_sd:0.03936,LYKPN-VRSRSTDDQMELD--------------------------------,--------SR-T-----L---TT---------R------------------,---P---R-R--D----------G---A------GP---------------
8,9 CluSeq:0.01397_sd:0.01482,LYKPN--R-R--D----------GG--------------------------,------VRSRSTDDQMELD--------------------------------,L--P-----------------TT---------R------------------
9,10 CluSeq:0.01369_sd:0.02371,LYKPN-VRSRSTDDQMELD--------------------------------,--------SR-T---------TT---------R------------------,---P---R-R--D----------G---A------GP---------------
10,11 CluSeq:0.00993_sd:0.0172,LYKPN--R-------------TT---------R---------I--------,--------SR-TD----------G---A------GP---------------,------V-SRSTDDQMELDHMT-----------------------------
11,12 CluSeq:0.00721_sd:0.01248,LYKP-----------M-----TT---------R---------I--------,--------SRS-D----------G---A------GP---------------,------VRSRSTDDQMELDHM------------------------------
12,13 CluSeq:0.00601_sd:0.01041,LY-------------------------AYPAPRGGPAAKPNVIL-------,L------------------------------PRGGP---PN-------C--,------VR---------L-----------PA-R--PA--------------
13,14 CluSeq:0.00591_sd:0.01023,LYKP-----------------TT---------R---------I--------,--------SRS-D----------G---A------GP---------------,------VRSRSTDDQMELDHMT-----------------------------
14,15 CluSeq:0.00558_sd:0.00966,L--P-----------------TT------PA--------------------,-Y----------------DH------------R----------------R-,------VRSRSTDDQMELDHMTTGG--------------------------
15,16 CluSeq:0.00486_sd:0.00842,LY----------------DH---------P---------------------,--------SRSTDDQMELDHMTTGGL-------------------------,---P-----------------TT------P-----PAA-------------
16,17 CluSeq:0.00482_sd:0.00835,LYKPN--RSR--D----------GG--------------------------,------VRSRSTDDQMELD--------------------------------,---P-----------------TT---------R------------------
17,18 CluSeq:0.00458_sd:0.00794,LYKPN----------------TTGGLHAYPAPRGG----------------,--------SRST-----L-------------PRGG----------------,L--P-------------------------PA--G--A--------------
18,19 CluSeq:0.00453_sd:0.00785,LYKPN--R-R-T-------------------PR---AA--------G----,L-----VR-R----Q-E------------P---------------------,--K-N---S-S-----------------------GP----N---Q------
19,20 CluSeq:0.00436_sd:0.00754,LYKPN--R-------------TT---------R---------I--------,--------SR-TD----------G---A------GP---------------,---P----SRSTDDQMELDHM------------------------------
20,21 CluSeq:0.00415_sd:0.00719,LY----------------DH------------R------------------,------VRSRSTDDQMELDHMTTG---------------------------,L--P-----------------TT------PA--------------------
21,22 CluSeq:0.00359_sd:0.00622,LYKPN--R-R-------L-----------PA--GG----------------,--------SR------------TGGLHAYPAPRGGPA--------------,---P------ST-----L-------------PRGGP---------------
22,23 CluSeq:0.00337_sd:0.00584,LY----------------DH------------R------------------,------VRSRSTDDQMELDHMTTG---------------------------,---P-----------------TT------PA--------------------
23,24 CluSeq:0.00336_sd:0.00361,LYKPN-VR-R----Q-E----------------------------------,--------SRS-----------------------GP----N----------,L------R---T-------------------PR---AA--------G----
24,25 CluSeq:0.00267_sd:0.00462,LYKPN--R-R--D----------G---A------GP---------------,-------RSRSTDDQMELDHM------------------------------,------V-------Q-EL---TT---------R---------I--------
25,26 CluSeq:0.00238_sd:0.00413,-------RSR--D-----DH------------R----------------R-,------VRSRSTDDQMELDHMTTGG--------------------------,---P-----------------TT------P-----PAA-------------
26,27 CluSeq:0.0022_sd:0.00381,---P--VRSRSTDDQMELDHMT-----------------------------,L--P-----------------TT------P---------------------,-Y----------------DH-------------------------------
27,28 CluSeq:0.0021_sd:0.00363,LYKPN---S------------TT---------R---------I--------,--------SR-TD----------G---A------GP---------------,------VRSRSTDDQMELDHM------------------------------
28,29 CluSeq:0.00165_sd:0.00286,LYKPN--R-R--D----------G---A------GP---------------,-------RSRSTDDQMELDHM------------------------------,------V-------Q-EL---TT---------R---------I-----C--
29,30 CluSeq:0.00162_sd:0.00281,LYKPN--R-R--D----------G---A------GP---------------,-------RSRSTDDQMELDHMT-----------------------------,---P-----------------TT------P---------------------
30,31 CluSeq:0.00159_sd:0.00276,LYKPN--RS---------------GL-----------------------RA,--------SR-T-----------G-----PA----------V-------RA,--KP----S-------E--------------------------------RA
31,32 CluSeq:0.00144_sd:0.0025,LYK----RSR--D----------G---A------GP---------------,------VRSRSTDDQMELDHMT-----------------------------,---P-----------------TT------P---------------------
32,33 CluSeq:0.00138_sd:0.00238,LYKPN--R-R--D----------G---A-----------------------,---P---RSRSTDDQMEL---------------------------------,L-------------------------------RGG-AA-P---------R-
33,34 CluSeq:0.00129_sd:0.00112,LYKPN---S---------------GL-----------------------RA,--------SR-T-----------G-----PA----------V-------RA,L--P----S-------E--------------------------------RA
34,35 CluSeq:0.00112_sd:0.00194,LYK---VRSRSTDDQMELDHMT-----------------------------,---P-----------------TT------P---------------------,-Y----------------DH-------------------------------
35,36 CluSeq:0.00106_sd:0.00184,LYKPN--R-R-T-------------------PR---AA--------G----,L-----VR-R----Q-E------------P---------------------,--K-N---S-S-----------------------GP---P-----------
36,37 CluSeq:0.00094_sd:0.00162,LYKPN--R-R--D----------G---A------GP---------------,-------RSRSTDDQMELDHMT-----------------------------,---P-----------------TT------P---------------------
37,38 CluSeq:0.00093_sd:0.00161,LYKPN----------------TT---------R---------I--------,--------SR-TD----------G---A------GP---------------,------VRSRSTDDQMELDHMT-----------------------------
38,39 CluSeq:0.00093_sd:0.00161,LYKPN------------------GGL-----------------------RA,--------SR-T---------------A----R---AA---V-------RA,L--P---RS-------E--------------------------------RA
39,40 CluSeq:0.00087_sd:0.00101,LYKPN-VR-R----Q-E------------P---------------------,--------SRS-----------------------GP---P-----------,L------R---T-------------------PR---AA-P-----------
40,41 CluSeq:0.00079_sd:0.00137,LYKP---R-R--D-----DH-------------------------------,-------RSRSTDDQMELDHMTT----------------------------,---P-----------------TT------P-P-------------------
41,42 CluSeq:0.00066_sd:0.00115,LY-P-----------------TT------PA--------------------,-Y----------------DH------------R----------------R-,------VRSRSTDDQMELDHMTTGG--------------------------
42,43 CluSeq:0.00064_sd:0.00111,LYKPN-VRS----------------------------------LQ-G----,--------SRS-----E----------A--A-RG-----------------,---P--------------------GL-A-PA--G--A--------------
43,44 CluSeq:0.00056_sd:0.00097,---P--VRSRS-DDQMELDHMT-----------------------------,L--P-----------------TT------P---------------------,LY----------------DH-------------------------------
44,45 CluSeq:0.00048_sd:0.00083,LYKPN---S---D----L-----GGL-----------------------RA,--------SR-T---------T-----A----R---AA---V-------RA,L--P---RS-------E--------------------------------RA
45,46 CluSeq:0.00042_sd:0.00073,LYKP-----------MEL---T---L-----------------------RA,L--P---RSR-----------------------------------------,L------RS--------L-H---G---------------------------
46,47 CluSeq:0.00036_sd:0.00063,L--P-------------------GGL-A--A-RGG--------L-------,-------R----------------------------AA---V-------RA,------------------------------APR--PA------------RA
47,48 CluSeq:0.00032_sd:0.00055,LYKPN--RSR--D----L---------------------------------,L------RS--------L-H---G-------------------------RA,L------RSR-------L---------------------------------
48,49 CluSeq:0.00022_sd:0.00039,L--P-------------------GGL-A--A-RGG--------L-------,-------R----------------------------AA---V-------RA,------------------------------APR--PA------------RA
49,50 CluSeq:0.00014_sd:0.00024,LYKPN--R-R------E------------P------------IL------A,--------SRS---Q-----------------RGG------V--Q------,------V-------Q-E---------------------------Q----RA
50,51 CluSeq:0.00012_sd:0.0002,LYKPN-V-S-------E--------------------------------RA,--------SRS-----E--------------------------------RA,------V-------Q-E--H----GL-A--A-RGG---------Q------
51,52 CluSeq:0.00011_sd:0.00019,LYKPN--R-R------E------------P------------IL------A,--------SRS---Q-----------------RGG------V--Q------,------V-------Q-E---------------------------Q----RA
52,53 CluSeq:0.00011_sd:0.00019,LYKP---------------------------PR---AA-P-V---------,L-----VR-R----QMEL---------------------------------,------V-S-------------------------GP---P-----------
53,54 CluSeq:0.00011_sd:0.00019,LYKPN--RS-------E--------------------------------RA,--------SR------------TGGL-A--A-RGG----------------,------V-------Q-E-------------------AA---V-------RA
54,55 CluSeq:5e-05_sd:9e-05,LYKPN--RS--------L---------------------------------,--------SR-TDD---L---------------------------------,L---------ST----------------------------N----------
55,56 CluSeq:5e-05_sd:9e-05,LYKPN-V-S-------E--------------------------------RA,--------SRS-----E--------------------------------RA,------V-------Q-E--H----GL-A--A-RGG----------------
56,57 CluSeq:5e-05_sd:8e-05,LYKPN---S-S-----------------------GP----N----------,--------SR-T-----L---T---------PR---AA--------G----,L-----VR-R----Q-E------------P---------------------
57,58 CluSeq:3e-05_sd:5e-05,L--P---R---------------GG--------------------------,L--P--V----------------GG--------------------------,LY-P---RS-S------L-----GG--------------------------
58,59 CluSeq:3e-05_sd:5e-05,LYKPN--R-R-T-------------------PR---AAKP-----------,L--PN------------------------P---------------------,--K-N---S-S-----------------------GP--------Q------
59,60 CluSeq:2e-05_sd:4e-05,LYKPN-V-------Q------------------------------------,--------SRS----------TT------P----------N----------,------V-------Q-E-DH----GLH-----RG-------V---------
60,61 CluSeq:2e-05_sd:3e-05,LYKPN--RS--------L---------------------------------,--------SR-TDD---L---------------------------------,L--P------ST----------------------------N----------
61,62 CluSeq:2e-05_sd:3e-05,LYKPN--R-R----Q----------------------------------RA,--------SR------------TGGL-A--A-RGG----------------,------V-------Q-E-------------------AA-----------RA
62,63 CluSeq:1e-05_sd:2e-05,L------R---TD----L-----------------------V------CR-,LY----V--------------------------------------------,LY-P---RSRS----------------------------------------
63,64 CluSeq:1e-05_sd:1e-05,-----------------------------PA-R--PAA------------A,L--P----S-ST-----L-------L---P-------------LQ------,---P-------------------------PAP----------------CR-
64,65 CluSeq:0.0_sd:0.0,L--P------------E--H------------RGG----------------,L--P--V----------------GG--------------------------,LY-P---RS-S-------------GL-A-----G-----------------
65,66 CluSeq:0.0_sd:0.0,LYKPN---SR-------------------PA----------V-------RA,--------SRS-----E--------------------------------RA,---P--------------------GL-A--A-RG-----------------
