,Seq_info,Frame_corr:1|SLLTGAPPW*ARARSCSPGWCPSWSSWTAT*TATSSACPARARAMPPTAS*P*SSSAPPASCPCPGPPS*PP*PTACSASAATPTT*SSTTSSSPPCPKATSRSAPSSSRTTATTRPA,Frame:0|*PVNRRATMVSKGEELFTGVVPILVELDGDVNGHKFSVSGEGEGDATYGKLTLKFICTTGKLPVPWPTLVTTLTYGVQCFSRYPDHMKQHDFFKSAMPEGYVQERTIFFKDDGNYKTR,Frame:2|AC*QARHHGEQGRGAVHRGGAHPGRAGRRRKRPQVQRVRRGRGRCHLRQADPEVHLHHRQAARALAHPRDHPDLRRAVLQPLPRPHEAARLLQVRHARRLRPGAHHLLQGRRQLQDPR
0,1 CluSeq:0.50525_sd:0.15707,-'*---L------PQ----------------------------------RSS-----------------------------RR----M----------V-------------------,A---Q-------HH----EG--------------------------------------------------------------------------------------------------,-S----------CL-R---LT-G---------A----------------------------W*A----R-------------------------------------------------
1,2 CluSeq:0.16323_sd:0.26102,-'*---L------PQ----------------------------------RSS-------------T--------------------------------S---------------KG-E,----RH---------G-----G-----------------------------------------------------------R----------------------G-------------,-S----------CLP----------------AR----------------A-R------------------------------------------------------------------
2,3 CluSeq:0.10292_sd:0.08308,-'*---L------PQ----------------------------------RSS-----------------------------RR----M----------V-------------------,A---Q-------HH----EG--------------------------------------------------------------------------------------------------,-S----------CL-R---LT-G---------A----------------------------W*A----R-------------------------------------------------
3,4 CluSeq:0.02923_sd:0.04255,-'*---L------PQ----------------------------------RSS----N--------T------------------------------------K---------------,H----EQ--------------------------------------------------------------------------G------------------------------------,-S----------CL-R------------------------------G--------L------------------LTGP--------R-------------------------------
4,5 CluSeq:0.01533_sd:0.03456,-'*RR-M---------------------------------------------------------------------------------------------------------------,-E---GR-----G---------------------------------------------------------------------------------------------------------,-S--LS----------------GA--------W-------------------------------------------------------------------------------------
5,6 CluSeq:0.01348_sd:0.01577,-'*---L------PQ----------------------------------RSS--------------PVNRRATMVSKGE---------------------------------------,----------L--ASE--------------------A------------------------------C*QARHHGEQGR---------------------------------------,-S----------CL-R------------------------------G--------L----------LLTGAPPW*ARAR---------------------------------------
6,7 CluSeq:0.01317_sd:0.03226,-'*---L------PQ----------------------------------RSS---------T---------------------------------------VS--G------------,----QAR--H-----H-----E---------------------------------------QG-G-----------------------------------------------------,GA--P-------------------------------------------------------*A-----A--------------------------------------------------
7,8 CluSeq:0.00984_sd:0.02347,-'*---LS--NRR---------------------------TM--------------------------------------VSGE----------------------------------,AH--EQ---------------R------------------------------------------------------------------------------------------------,-S---LT--P---------------------W*A------------------R---------------------------AR------------------------------------
8,9 CluSeq:0.00832_sd:0.02038,-'*---L------PQ----------------------------------RSS---------------------PV---------RA---M------E---------------------,-*--EQG--R-----G------------------------------------------------------------------------------------------------------,AR--R-----------------------------------------------------------------------------------------------------------------
9,10 CluSeq:0.00667_sd:0.0115,-'*---L------PQ----------------------------------RSS----N--------T------------------------------------K---------------,H----EQ--------------------------------------------------------------------------G------------------------------------,-S----------CL-R------------------------------G--------L------------------LTGP--------R-------------------------------
10,11 CluSeq:0.00486_sd:0.00797,-'*VNRRATMVSKG--------------------------------------------------------------------------------------------------------,---C*QARHHGEQGR-------------------------------------------------------------------------------------------------------,-S-LTGAPPW*ARA--------------------------------------------------------------------------------------------------------
11,12 CluSeq:0.00485_sd:0.00834,-'*-PVNRRATMVSKGE-----------------------------------------------------------------------------------------------------,-----C*QARHHGEQGR-----------------------------------------------------------------------------------------------------,-S--LLTGAPPW*ARAR-----------------------------------------------------------------------------------------------------
12,13 CluSeq:0.00418_sd:0.01003,-'*---LS------PVNRRATMVSKGE-------------------------------------------------------------------------------------------,----------L--ASC*QARHHGEQGR-------------------------------------------------------------------------------------------,-S----------CLLLTGAPPW*ARAR-------------------------------------------------------------------------------------------
13,14 CluSeq:0.00341_sd:0.00835,-'*VNRRATMVSKG--------------------------------------------------------------------------------------------------------,---C*QARHHGEQGR-------------------------------------------------------------------------------------------------------,-S-LTGAPPW*ARA--------------------------------------------------------------------------------------------------------
14,15 CluSeq:0.0032_sd:0.00783,-'**PVNRRATMVSKGE-----------------------------------------------------------------------------------------------------,---LAC*QARHHGEQGR-----------------------------------------------------------------------------------------------------,-S-SLLTGAPPW*ARAR-----------------------------------------------------------------------------------------------------
15,16 CluSeq:0.00262_sd:0.00641,-'*-SK----------------------------------------------------------------------------------------------------------------,R----HG---Q----------G------------------------------------------------------------------------------------------------,-S----------CL-R------------------------------G---------------------------SLLAR---------------------------------------
16,17 CluSeq:0.00248_sd:0.00608,-'*---L------PQ----------------------------------RSS----N--------T------------------------------------K---------------,AA---EQ--------------------------------------------------------------------------G------------------------------------,-S----------CL-R------------------------------G--------L--------S---------LTGP--------R-------------------------------
17,18 CluSeq:0.0021_sd:0.00428,-'*---L------PQ----------------------------------RSS-----------------------------NR----T----------M-------------------,A---*-------RH----GR--------------------------------------------------------------------------------------------------,-S----------CL-R---LL-T---------G----------------------------PW*----A-------------------------------------------------
18,19 CluSeq:0.00208_sd:0.00323,-'*---L------PQ----------------------------------RSSP---N--------T------------------------------------K---------------,H----EQ--------------------------------------------------------------------------G------------------------------------,-S----------CL-R------------------------------G--------L------------------LTGP--------R-------------------------------
19,20 CluSeq:0.0019_sd:0.00466,-'*---L------PQ----------------------------------RSS-V---E------------------------------------------------------------,----------L-AC----QH--------Q---GG------------------------------------------------------------------------------------,-S----------CL-R------------------------------G--------L-----LTG----A--------------------------------*A-------------R-
20,21 CluSeq:0.00167_sd:0.0041,-'*VNRRATMVSKG--------------------------------------------------------------------------------------------------------,---C*QARHHGEQGR-------------------------------------------------------------------------------------------------------,-S-LTGAPPW*ARA--------------------------------------------------------------------------------------------------------
21,22 CluSeq:0.00153_sd:0.00258,-'*VNRRATMVSKG--------------------------------------------------------------------------------------------------------,---C*QARHHGEQGR-------------------------------------------------------------------------------------------------------,-SLLTGAPPW*ARA--------------------------------------------------------------------------------------------------------
22,23 CluSeq:0.00148_sd:0.00362,-'*-VS-----E----------------------------------------------------------------------------------------------------------,A----HH---E-G---------------------------------------------------------------------------------------------------------,-S----------CL-R------------------------------G---------------------------LSLGA-----------------------R---------------
23,24 CluSeq:0.00142_sd:0.00347,-'*VNRRATMVSKG--------------------------------------------------------------------------------------------------------,---C*QARHHGEQGR-------------------------------------------------------------------------------------------------------,-S-LTGAPPW*ARA--------------------------------------------------------------------------------------------------------
24,25 CluSeq:0.0014_sd:0.00196,-'*---L------PQ----------------------------------RSS--------------------------------------------------V------RA----MV-,A----QAG--G-----------------------------------------------------------------------------------------------------------,-S----------CL-R--LA--P---W*A---A-------------------------------------------------------------------------------------
25,26 CluSeq:0.00131_sd:0.00321,-'*-MV-----G------E---------------------------------------------------------------------------------------------------,----------L--AS-EEF--A------------------------------------------C*G--------R------------------------------------------,-S----------CL-RGV------LSP-------R-----------------------------------------------------------------------------------
26,27 CluSeq:0.00125_sd:0.00306,-'*SS*PVNRRATMVSKGE---------------------------------------------------------------------------------------------------,---EFLAC*QARHHGEQGRG--------------------------------------------------------------------------------------------------,-S-VLSLLTGAPPW*ARAR---------------------------------------------------------------------------------------------------
27,28 CluSeq:0.00122_sd:0.00292,-'*S*PVNRRATMVSKGE----------------------------------------------------------------------------------------------------,---FLAC*QARHHGEQGRG---------------------------------------------------------------------------------------------------,-S-LSLLTGAPPW*ARAR----------------------------------------------------------------------------------------------------
28,29 CluSeq:0.00122_sd:0.0028,-'*---L------PQ----------------------------------RSS---------P-R-------------------------------------AT--V------------,-----C*--Q-----A-----H---------------------------------------HG-Q--------------------G---------G----------------------,LL--G-------------------------------------------------------PP-----*--------------------------------------------------
29,30 CluSeq:0.00114_sd:0.00181,-'*-PVNRRATMVSKGE-----------------------------------------------------------------------------------------------------,-----C*QARHHGEQGR-----------------------------------------------------------------------------------------------------,-S--LLTGAPPW*ARAR-----------------------------------------------------------------------------------------------------
30,31 CluSeq:0.00113_sd:0.00277,-'*VNRRATMVSKG--------------------------------------------------------------------------------------------------------,---C*QARHHGEQGR-------------------------------------------------------------------------------------------------------,-S-LTGAPPW*ARA--------------------------------------------------------------------------------------------------------
31,32 CluSeq:0.00104_sd:0.00254,-'*--PVNRRATMVSKGE----------------------------------------------------------------------------------------------------,------C*QARHHGEQGRG---------------------------------------------------------------------------------------------------,-S---LLTGAPPW*ARAR----------------------------------------------------------------------------------------------------
32,33 CluSeq:0.001_sd:0.00245,-'**PVNRRATMVSKGE-----------------------------------------------------------------------------------------------------,---LAC*QARHHGEQGR-----------------------------------------------------------------------------------------------------,-S-SLLTGAPPW*ARAR-----------------------------------------------------------------------------------------------------
33,34 CluSeq:0.001_sd:0.00234,-'*---L--SS*VG----E---------------------------------------------------------------------------------------------------,Q----RH---G-R----------------------------------------------------G----------------------------------------------------,-S----------CL-R---------------------------------------------------------GVLST*--------------R------------------------
34,35 CluSeq:0.00088_sd:0.00215,-'*---L------PQ----------------------------------RSS----N--------T------------------------------------K---------------,AA---EQ--------------------------------------------------------------------------G------------------------------------,-S----------CL-R------------------------------G--------L--------S---------LTGP--------R-------------------------------
35,36 CluSeq:0.00075_sd:0.00063,------*------LP----------------------------------QRS-----------------------------NR----T----------M-------------------,L---*-------RH----GR--------------------------------------------------------------------------------------------------,------------FC-L---LL-T---------G----------------------------PW*----A-------------------------------------------------
36,37 CluSeq:0.00073_sd:0.0018,-'*---L------PQ----------------------------------RSS----N--------T------------------------------------K---------------,AA---EQ--------------------------------------------------------------------------G------------------------------------,-S----------CL-R------------------------------G--------L--------S---------LTGP--------R-------------------------------
37,38 CluSeq:0.00065_sd:0.00159,-'*---L------PQ----------------------------------RSS----P--K----------------------------------------------------------,R----HG---Q----------G------------------------------------------------------------------------------------------------,L-------W*------------------------------------R-----------------------------------------------------------------------
38,39 CluSeq:0.0006_sd:0.00146,-'*--VNRRATMVSKGE-----------------------------------------------------------------------------------------------------,-----C*QARHHGEQGR-----------------------------------------------------------------------------------------------------,-S---LTGAPPW*ARAR-----------------------------------------------------------------------------------------------------
39,40 CluSeq:0.00056_sd:0.00137,-'*---L--S-PV-A---M--------E------------------------------------------------------------------------------------------,----C-------AR----HG-------------R-----------------------------------------------G------------------------------------,-S----------CL-R-V-SL-L---------T----------------------------PPW---R--------------------------------------------------
40,41 CluSeq:0.00056_sd:0.00136,-'*---L------PQ----------------------------------RSS-V---E------------------------------------------------------------,----------L-AC----QH--------Q---GG------------------------------------------------------------------------------------,-S----------CL-R------------------------------G--------L-----LTG----A--------------------------------*A-------------R-
41,42 CluSeq:0.00054_sd:0.00133,-'*VNRRATMVSKG--------------------------------------------------------------------------------------------------------,---C*QARHHGEQGR-------------------------------------------------------------------------------------------------------,-S-LTGAPPW*ARA--------------------------------------------------------------------------------------------------------
42,43 CluSeq:0.00053_sd:0.0013,-'*-SK----------------------------------------------------------------------------------------------------------------,R----HG---Q----------G------------------------------------------------------------------------------------------------,-S----------CL-R------------------------------G---------------------------SLLAR---------------------------------------
43,44 CluSeq:0.00053_sd:0.00129,-'*---L------PQ----------------------------------RSS-----------------------------NR----T----------M-------------------,A---*-------RH----GR--------------------------------------------------------------------------------------------------,-S----------CL-R---LL-T---------G----------------------------PW*----A-------------------------------------------------
44,45 CluSeq:0.00053_sd:0.00129,-'*---L------PQ----------------------------------RSS---------R---------------------------------------AT--V------------,-----C*--Q-----A-----H---------------------------------------HG-Q--------------------G---------G----------------------,LL--G-------------------------------------------------------PP-----*--------------------------------------------------
45,46 CluSeq:0.00051_sd:0.00036,-'*---L----P-----------------------------------------------------------------------------------------------QRS--S--R--,H----EQ--------------------------------------------------------------------------G------------------------------------,-S----------CL-R-GV---L-----------S---------------------------------------LTGP--------R-------------------------------
46,47 CluSeq:0.00051_sd:0.00124,-'*SK-----------------------------------------------------------------------------------------------------------------,----F-------C*----AG--------G---R-------------------------------------------------------------------------------------,-S----------CL-----GV-L---------S----------------------------TGA----P--------------------------------AR---------------
47,48 CluSeq:0.00043_sd:0.00028,RSS*PVNRRATMVSKGE-----------------------------------------------------------------------------------------------------,EEFLAC*QARHHGEQGR-----------------------------------------------------------------------------------------------------,GVLSLLTGAPPW*ARAR-----------------------------------------------------------------------------------------------------
48,49 CluSeq:0.00037_sd:0.00091,RS----------*PV--VS---------------------G-E---------------------------------------------------------------------------,----------L--ASF--E--------------------------R------------------------------------------------------------------------,-S--LL---P--------------------------------------------------PW*A--------------------------------------AR--------------
49,50 CluSeq:0.00034_sd:0.00084,-'*-RSS*PVNRRATMVSKGE-------------------------------------------------------------------------------------------------,-----EFLAC*QARHHGEQGR-------------------------------------------------------------------------------------------------,-S--GVLSLLTGAPPW*ARAR-------------------------------------------------------------------------------------------------
50,51 CluSeq:0.00033_sd:0.0008,-'*---L--SS*VG----E---------------------------------------------------------------------------------------------------,Q----RH---G-R----------------------------------------------------G----------------------------------------------------,-S----------CL-R---------------------------------------------------------GVLST*--------------R------------------------
51,52 CluSeq:0.00032_sd:0.00078,-'*-MV-----G------E---------------------------------------------------------------------------------------------------,----------L--AS-EEF--A------------------------------------------C*G--------R------------------------------------------,-S----------CL-RGV------LSP-------R-----------------------------------------------------------------------------------
52,53 CluSeq:0.00031_sd:0.00076,-'*---LS--PVN-R-T-----------------------VSK-----------------------------------------------------------G---------------,-C---HG---------------------------------------------------------------------------------------EQ---G------------------,-S----------CL-R------LLT-------GA---------------P--*---------AR----R-------------------------------------------------
53,54 CluSeq:0.00031_sd:0.00076,-'*---L------PQ----------------------------------RSSR------AT--------------S--------------------------G---------------,----------L--ASE--------------------QAR-GR---------------------G------------------------------------------------------,-S----------CLP--RA---------------------------------------------------------------------------------------------------
54,55 CluSeq:0.0003_sd:0.00072,-'*S*PVNRRATMVSKGE----------------------------------------------------------------------------------------------------,---FLAC*QARHHGEQGRG---------------------------------------------------------------------------------------------------,-S-LSLLTGAPPW*ARAR----------------------------------------------------------------------------------------------------
55,56 CluSeq:0.00026_sd:0.00064,-'*SS*PVNRRATMVSKGE---------------------------------------------------------------------------------------------------,---EFLAC*QARHHGEQGRG--------------------------------------------------------------------------------------------------,-S-VLSLLTGAPPW*ARAR---------------------------------------------------------------------------------------------------
56,57 CluSeq:0.00026_sd:0.00064,-'*--PVNRRATMVSKGE----------------------------------------------------------------------------------------------------,------C*QARHHGEQGRG---------------------------------------------------------------------------------------------------,-S---LLTGAPPW*ARAR----------------------------------------------------------------------------------------------------
57,58 CluSeq:0.00021_sd:0.00034,-'*---L------PQ----------------------------------RSS--------------------------------------------------V------RA----MV-,A----QAG--G-----------------------------------------------------------------------------------------------------------,-S----------CL-R--LA--P---W*A---A-------------------------------------------------------------------------------------
58,59 CluSeq:0.0002_sd:0.0005,-'*---L------PQ--S--------------------------------------------------------------PV-A---------------V--G---------------,-A---QG--------------------------------------------------------------------------R------------------------------------,-S---LL-RA------------------------------------------R-----------------------------------------------------------------
59,60 CluSeq:0.00019_sd:0.00048,-'*--N------RAT--SK---------------------------------------------------------------------------------------------------,-----*Q---R---------------------------------------HH-G----------------------------------------------------------------,-S--LT--------------PP-*AR----R---------------------------------------------------------------------------------------
60,61 CluSeq:0.00019_sd:0.00046,-'*---L------PQ----------------------------------RSS-----AT-V---------------------------KG----------------------------,--QGR-----------------------------------------------------------------------------------------------------------------,-S---C--L----TGAP----------------P-R------------AR--------------------------------------------------------------------
61,62 CluSeq:0.00014_sd:0.00025,-'*---L----P-----------------------------------------------------------------------------------------------QRS--S--AG-,----A-HG------------------------------------------------------------------------------------------------------------EQ,-S----------CL-R-GVP----AR--------------------------------------------------------------------------------------------
62,63 CluSeq:0.00014_sd:0.00034,-'*---L------PQ----------------------------------RSS-R------SK---G------------------------------------E---------------,----------L--ASE----------------------C*-G--------Q-----------R-------------------------------------------------------,-S----------CL-R--W---A-------------------------------------RA-R------------------------------------------------------
63,64 CluSeq:0.00014_sd:0.00034,-'*---LS--VNRA----S--GE-----------------------------------------------------------------------------------------------,-R--GE---------------G------------------------------------------------------------------------------------------------,-S---LL--P---------------------PW*------------------A---------------------------RA-----------R------------------------
64,65 CluSeq:0.00012_sd:0.0003,RS----------*PV--VS---------------------G-E---------------------------------------------------------------------------,----------L--ASF--E--------------------------R------------------------------------------------------------------------,-S--LL---P--------------------------------------------------PW*A--------------------------------------AR--------------
65,66 CluSeq:0.00012_sd:0.00029,-'*SK-----------------------------------------------------------------------------------------------------------------,----F-------C*----AG--------G---R-------------------------------------------------------------------------------------,-S----------CL-----GV-L---------S----------------------------TGA----P--------------------------------AR---------------
66,67 CluSeq:0.00012_sd:0.00029,-'*---LS--PVN-R-T-----------------------VSK-----------------------------------------------------------G---------------,-C---HG---------------------------------------------------------------------------------------EQ---G------------------,-S----------CL-R------LLT-------GA---------------P--*---------AR----R-------------------------------------------------
67,68 CluSeq:0.00012_sd:0.00028,-'*---L------PQ----------------------------------RSS-R------SK---G----------------------------------------------------,----------L--ASE----------------------C*-G--------Q-----------R-------------------------------------------------------,-S----------CL-R--W---A-------------------------------------RA--------------------------------------------------------
68,69 CluSeq:0.0001_sd:0.00023,-'*-RSS*PVNRRATMVSKGE-------------------------------------------------------------------------------------------------,-----EFLAC*QARHHGEQGR-------------------------------------------------------------------------------------------------,-S--GVLSLLTGAPPW*ARAR-------------------------------------------------------------------------------------------------
69,70 CluSeq:9e-05_sd:0.00021,-'*--N------RAT--SK---------------------------------------------------------------------------------------------------,-----*Q---R---------------------------------------HH-G----------------------------------------------------------------,-S--LT--------------PP-*AR----R---------------------------------------------------------------------------------------
70,71 CluSeq:8e-05_sd:0.00021,-'*---LPV-M-SKG-------------------------------------------------------------------------------------------------------,-A---HG---Q---------------------------------------GR----------------------------------------------G-------------------,-S--PW----------------------------------------------------------ARA---------------------------------------------------
71,72 CluSeq:7e-05_sd:9e-05,-'*---L------PQ----------------------------------RSS-----------------------------------------------------------PVNRRAT,----------L--ASE-----------------------------F-A----------------------------------------------------------------C*QARH,-S----------CL---------------------------------------------------------------RG-----------LS-------------------LLTGAPP
72,73 CluSeq:6e-05_sd:0.00015,-'*---L------PQ----------------------------------RSS-----AT-V---------------------------KG----------------------------,---GR-----------------------------------------------------------------------------------------------------------------,-S---C--L----TGAP----------------P-R------------AR--------------------------------------------------------------------
73,74 CluSeq:6e-05_sd:0.00015,-'*---L------PQ--S--------------------------------------------------------------PV-A---------------V--G---------------,-A---QG--------------------------------------------------------------------------R------------------------------------,-S---LL-RA------------------------------------------R-----------------------------------------------------------------
74,75 CluSeq:5e-05_sd:0.00013,-'*---L------PQ----------------------------------RSSR------AT--------------S--------------------------G---------------,----------L--ASEA----C--------------QAR-GR---------------------G------------------------------------------------------,-S----------CLP--RA---------------------------------------------------------------------------------------------------
75,76 CluSeq:5e-05_sd:0.00011,-'*---L------PQ-R-----------------------S----------------------------------S*PT---S-----------------------------------,----------L--AS-E-----------------------EF--E-----------------------------------------------------------QG-----------R,-S----------CL-R-GV-STP--------*A-------------------------------------------------------------------------------------
76,77 CluSeq:4e-05_sd:0.00011,-'*---L------PQ----------------------------------RSS-R------SK---G------------------------------------E---------------,----------L--ASE----------------------C*-G--------Q-----------R-------------------------------------------------------,-S----------CL-R--W---A-------------------------------------RA-R------------------------------------------------------
77,78 CluSeq:4e-05_sd:9e-05,-'*---LS*V-N-R-----E--------------------------------------------------------------------------------------------------,--------LA----------------------------------------C*-Q--------------------------------AR---G--------------------------,-S---C-LST-P*A----R---------------------------------------------------------------------------------------------------
78,79 CluSeq:4e-05_sd:9e-05,RSS-------------------------------------------------------------------------------------------------------*PVNRRATMVSK,EEF-------------------------------------------------------------------------------------------------------LAC*QARHHGEQ,GV--------------------------------------------------------------------------------------------------------SLLTGAPPW*AR
79,80 CluSeq:4e-05_sd:9e-05,-'*---L----P-----------------------------------------------------------------------------------------------QRS--S-MVS-,-----RHE-Q----------------GR------------------------------------------------------------------------------------------,-S----------CL-R-GV---L---------A----------------------------------PW*----AA------------------------------------------
80,81 CluSeq:3e-05_sd:8e-05,-----------------------------------------------------------------------------['*RP-----------------K------------------,R----HG---Q----------G------------------------------------------------------------------------------------------------,--------------------------------'SV---------------------------------------SLLAR---------------------------------------
81,82 CluSeq:3e-05_sd:7e-05,-'*---L------PQ-R-----------------------S----------------------------------S*PT---S-------------------G---------------,----------L--AS-E-----------------------EF--E----R------G-------------------------------------------------------------,-S----------CL-R-GV-STP------------------------*AR--A-----------------------------------------------------------------
82,83 CluSeq:3e-05_sd:6e-05,-------------LL----------------------------------PQR-----------------------------VN-E---------------------------------,F---C-------AR----HG-------------R-----------------------------------------------G------------------------------------,------------SF-C---SL-L---------T----------------------------PPW---R--------------------------------------------------
83,84 CluSeq:2e-05_sd:6e-05,-'*---L----P-----------------------------------------------------------------------------------------------QRS--S--R--,H----EQ--------------------------------------------------------------------------G------------------------------------,-S----------CL-R-GV---L-----------S---------------------------------------LTGP--------R-------------------------------
84,85 CluSeq:2e-05_sd:5e-05,-'*---L----P-----------------------------------------------------------------------------------------------QRS--S-MV-K,-----RH------G---EQG--------------------------------------------------------------------------------------------------,-S----------CL-R-GV---L---------A----------------------------------PW*-----------------------------------------AR-----
85,86 CluSeq:2e-05_sd:5e-05,------*------LP----------------------------------QRS----P--K----------------------------------------------------------,F*---HG---Q----------G------------------------------------------------------------------------------------------------,------------FC-L------------------------------R--------V------------------SLLAR---------------------------------------
